,link,text,timestamp,title
0,https://news.cnyes.com/news/id/4285268,"['由和泰車 (2207-TW) 代理進口的 TOYOTA 大改款 All New RAV4 今 (4) 日正式發表，和泰車總經理蘇純興指出，2 周來預接單超過 3000 台，預計全年銷售有望衝上 3 萬台，大幅優於上一代去年銷量 1.9 萬台，其中，HYBRID 旗艦 4WD 版本從預接單價 139 萬元一口氣降至建議售價 124.9 萬元，而入門款也從 96.9 萬元降至 92.5 萬元，搶客積極。', '蘇純興透露，「上一代一直處在缺車狀態，這一代也會，上個月還跑到日本去要車，比較傷腦筋」，顯示新車買氣相當熱絡，而現在已經是「用進口車賣國產價 來對抗競爭」，不排除銷量接近即將發表的 Corolla\xa0Altis。', 'RAV4 自 2008 年導入台灣車市至今，累計銷售已超過 16 萬台，連續 8 年蟬聯同級距銷售冠軍，即便是去年改款前，仍拿下 SUV 級距第一。', '蘇純興說，從預接單來看，2.0L 尊爵版最受消費者歡迎，不過，油電混和版本表現也相當亮眼，尤其 2.5L HYBRID 4WD 是從 139 萬元降至最新定價 124.9 萬元，預計未來將有約 30% 訂單是選擇 HYBRID 版本。', '和泰車預估，RAV4 大改款後買氣將大增，去年銷出近 1.9 萬台，預計今年銷售量可衝上 3 萬台，屆時將是新高成績。', '而和泰車也訂出相當具競爭力的價格，入門款從日前預接單 96.9 萬元降至 92.5 萬元，而最高價的 HYBRID 旗艦 4WD 版本更一口氣由 139 萬元降到 124.9 萬元。', '和泰車說明，主要是因此次 RAV4 HYBRID 油耗表現符合政府標準，可獲得貨物稅 50% 的補助，使售價大幅降低。', '另外，此次 All New RAV4 搭載 TOYOTA Drive+ Connect 智聯車載系統，搭配中華電信 4G 連網功能 (4WD 車型)，是品牌首見。']",2019/03/04 17:07,〈車市〉大改款RAV4售價最多降逾14萬和泰車估全年有望熱銷3萬台
1,https://news.cnyes.com/news/id/4285335,"['2 月台灣新車掛牌統計今 (4) 日出爐，總掛牌數僅 19640 台，不僅較上月減少 55.5%，也較去年同期衰退 27.2%，前 10 大車商均呈現衰退；若排除 2 月有季節性因素，從累計前 2 月銷售數據來看，掛牌數 63783 台，仍是年減 14.8%，前 10 大品牌中，僅和泰車 (2207-TW) 代理的 LEXUS 較去年同期成長，且增幅高達 45%。', '車市龍頭和泰車總經理蘇純興認為，「感覺買氣是還好」，不覺得太差，先觀察 3 月表現。', '2 月銷售前 3 名依序為和泰車 2 月 TOYOTA(含 LEXUS) 銷量 5611 台，年減 18.7%，中華 (2204-TW) 三菱 2587 台，年減 17.8%，裕日車 (2207-TW)NISSAN(含 INFINITI)1747 台，年減 21.2%，', '就前 2 月合併來看，僅總銷量排名第 6 的 LEXUS 和第 11 的三陽 (2206-TW)HYUNDAI 成長，分別銷出 3769 台、1805 台，年增 45%、4.7%，其中，LEXUS 成長幅度驚人，顯示其 SUV 銷售處在高熱度。', '蘇純興說，2 月的狀況是 TOYOTA「沒車可交」，買氣看起來是還好，就看這個月車市表現如何，單看前 2 月表現沒有辦法說車市銷售是否真的走弱。']",2019/03/04 18:42,〈車市〉前2月銷量年減近15% 前10大車商僅這家成長
2,https://news.cnyes.com/news/id/4289912,"['車市龍頭和泰車 (2207-TW)3 月以來多款重量級新車大改款，業績成長受到投資人期待，加上和泰車在證交所和富時國際合編的台灣指數系列成分股最新調整後，重回台灣 50 成分股行列，15 日盤後生效，激勵本周股價續漲達 12%，最高來到 380 元，累計今 (2019) 年以來漲幅已達 42%，有續勢挑戰 1 月下旬前高位置 388 元姿之姿。', '和泰車本次重回台灣 50 成分股，並入選台灣發達指數，法人指出，此有助評價提升。', '而和泰車代理 TOYOTA 品牌旗下最受台灣車主歡迎的兩款車型 RAV4 和 ALTIS 均在 3 月發表改款車，其中 RAV4 買氣熱，而 ALTIS 也在本周五預購開跑，使市場看好，其全年業績表現將明顯較去年回溫。', '法人表示，全新 ALTIS 推出後，不僅可直接拉抬和泰車在國產車市的銷售成長，其轉投資汽車製造廠國瑞汽車稼動率可望因此明顯拉高，連帶改善業外獲利能力。', '另一方面，台灣商用車將於 9 月適應六期環保新法規實施，和泰車旗下的日野和豐田大型商用車，也可受惠提前換購的買氣需求。', '整體來看，法人看好，和泰車轉投資事業體包括和潤企業、和泰產險和車美仕的穩定挹注，今年可說是「內外皆美」的一年。']",2019/03/16 12:35,熱門股 和泰車今年以來漲幅已突破4成續挑戰前高
3,https://news.cnyes.com/news/id/4290241,['和泰汽車 (2207) 旗下和運租車轉投資的和雲行動服務公司，為落實共享經濟及綠能減碳，今天宣布汽車版的 iRent 同步導入油電複合動力 PRIUS c，同時也與機車龍頭廠光陽 (KYMCO) 共同宣布，以電動機車跨入路邊隨租隨還機車短租市場。根據雙方合作規劃，和雲 iRent 提供電動機車短租服務，將由光陽去年啟用運作的 Ionex 車能網商業版，因此，除提供首波電動機車 Many EV，也將協助包括充電、抽取式換電及相關資訊系統後台整合建置。\n\n和雲總經理謝富來指出，目前 iRent APP 汽車會員數為 13 萬人，目標今年底前達到 20 萬，機車會員數目標 10 萬。\n\n謝富來表示，今正式導入全新電動機車之後，民眾透過手機 APP 就可尋車導航隨租隨還 iRent 電動機車，取車及還車都可在路邊停車格完成，初期在台北市全區及新北板橋、三重、蘆洲、中和、永和、新店及新莊共 7 個行政區都可租借，初期雖僅導入 300 台，不過年底前將達到 3000 台，消費者只要透過 iRent APP 操作，即可使用 Ionex 電動機車及共享電池交換服務，以「路邊隨租隨還」模式營運。\n\n此外，為推廣綠能車款，和雲也宣布，將全面導入 Prius 綠能車款，路邊隨租隨還服務平日優惠價前 3 小時每小時租金 99 元優惠，價格相當划算，謝富來指出，目標 2 年內可導入 1600 台。'],2019/03/18 18:05,和泰車攜手光陽機車首創「四輪＋二輪」綠能共享租車
4,https://news.cnyes.com/news/id/4293377,['和泰汽車 (2207) 公布財報及股利政策。2018 年每股盈餘為 18.36 元，略低於前一年度 18.52 元，預計每股配發 12 元現金股利，配發率約 65%，以昨天收盤價 367 元計算，現金殖利率約 3.27%。和泰車 2018 年稅前淨利 151.95 億元，創新高，惟受台灣企所稅率調高影響，致使稅後淨利 100.25 億元，年減 0.89%，每股盈餘達 18.36 元。\n\n和泰車表示，去年台灣車市整體需求不如前一年，不過和泰車轉投資汽車周邊事業成為獲利成長關鍵，使得稅前淨利創下新高紀錄。\n\n展望 2019 年，車市雖較去年恐將呈現衰退，但和泰車在 RAV4 與 Altis 兩大銷售神車均推出大改款新車，加上轉投資事業獲利成長下，預期全年營收與獲利將可挑戰新高。'],2019/03/27 16:42,和泰車去年每股盈餘18.36元擬配息12元估今年業績可望戰新高
5,https://news.cnyes.com/news/id/4285100,['富時羅素公布臺灣證券交易所、富時國際有限公司合編「臺灣 50」、「臺灣中型 100」、「臺灣資訊科技」，以及「臺灣發達」等指數系列成份股調整，此次調整 3 月 15 日收盤後生效。臺灣 50 指數成分股納入和泰車 (2207)；成分股刪除鴻準 (2354)；候補名單豐泰 (9910)、新光金 (2888)、聯詠 (3034)、儒鴻 (1476)、華新科 (2492)。\n\n臺灣中型 100 指數，成分股納入鴻準、義隆 (2458)、神基 (3005)；成分股刪除豐興 (2015)、長興 (1717)、建大 (2106)；候補名單為致伸 (4915)、麗豐 - KY(4137)、南電 (8046)、國建 (2501)、貿聯 - KY(3665)、信義 (9940)、嘉澤 (3533)、東聯 (1710)、文曄 (3036)、遠百 (2903)。\n\n臺灣資訊科技指數成分股納入義隆、神基，並無刪除成分股；臺灣發達指數成分股納入和泰車；成分股刪除豐興、長興、建大。'],2019/03/04 13:52,臺灣50等四大指數成份股調整3月15日盤後生效
6,https://news.cnyes.com/news/id/4285368,"['最新公布的前 2 月新車掛牌台數年減近 15%，僅維持近 6.38 萬台的規模，不過和泰車 (2207-TW) 代理的 LEXUS 逆勢大幅成長 45%，今 (4) 日又發表車主高度矚目的大改款 RAV4，且售價最多一口氣降近 15 萬元，令其他車商壓力大增，台灣賓士為迎戰 LEXUS，宣布 3 月 Agility 星自選購車優惠幾乎涵蓋全車系，而國產車中的 SUV 霸主品牌台灣本田也指出，3 月入主包括 HONDA HR-V、CR-V 等車款優惠高達近 9 萬元。', '台灣賓士指出，3 月針對 19 年式全車系加碼推出最高 40 期 0 利率分期優惠，其中，暢銷車款 GLC 是首次推出分期 0 利率優惠，而 18/19 年式 B-Class、CLA、CLA Shooting Brake、C-Class 還加贈 3 年保養套裝，是豪華進口車品牌在傳統淡季中少見的強力行銷。', '台灣賓士強調，日前推出後獲得眾多車主好評的資融方案「Agility 星自選 購車優惠方案」也將延續，且幾乎全車系適用，力拚在第一季底前再衝出一波買氣。', '台灣本田則表示，3 月旗下熱銷的 SUV 車款 HR-V、CR-V，以及 CITY、FIT 等均加入優惠專案，加上「貨物稅定額減徵新台幣 5 萬元」補助，優惠高達近 8-9 萬元。', '從銷售數據來看，LEXUS 持續進逼賓士，賓士前 2 月總掛牌數 4759 台，在豪華車市中，市占率 35.7%，年減 1.3%，LEXUS 則為 3769 台，市占率 28.2%，年增 45%，且明顯拉開與 BMW 的差距；BMW 前 2 月掛牌數 2384 台，年減 7.4%，市占率 17.9%。', '而 HONDA 前 2 月在總車市中維持排名第 4，掛牌數 4815 台，年減 24.7%，低於整體車市掛牌年減 14.8% 的水平。']",2019/03/04 19:40,〈車市〉和泰車雙品牌來勢汹賓士、本田強打淡季行銷迎戰
7,https://news.cnyes.com/news/id/4291209,"['明泰 (3380-TW) 董事長李中旺今 (20) 日表示，今年營運成長動能將來無線寬頻，而深耕多年的車用雷達也將在今年開花結果，成另一動能，全年營運會較去年好轉，不過法人預估，由於客戶去年第 4 季提前拉貨，明泰本季及第 2 季營收成長幅度，可能放緩。', '李中旺表示，5G 將帶動行動邊緣運算 (MEC) 崛起，並將廣泛應用於垂直市場，而車聯網結合乙太網路與 5G 的應用也將蓬勃發展，這都是明泰的機會及目標。', '李中旺進一步指出，5G 在手機產業以外的第 1 個應用，就是固定無線接入 (Fixed Wireless Access)，也會是今年的營運主要動能，而布局多年的車用雷達，也於今年「開花結果」，目前\xa01 個月出貨量均有千套以上，也是今年的新動能。', '此外，400G 高速交換器今年可望開始量產，但李中旺坦言，目前 1 個 400G 的價格，比 4 個 100G 的還貴，使用的資料中心還不多，但預期未來價格穩定後，出貨量將顯著提升。', '至於與佳士達的合作進度，李中旺表示，目前還在努力中，但他透露，未來合作目標會與鴻海董事長郭台銘所提的 8K+5G 相同，由佳世達負責 8K、明泰則負責 5G。', '法人預估，明泰今年上半年因客戶在去年第 4 季提前拉貨，成長幅度可能放緩，但全年營收估將成長，且在 MLCC、記憶體價格修正下，毛利率將較去年好轉，預估落在 14-15% 左右，獲利能力也將較去年提升。']",2019/03/20 18:51,〈明泰法說〉今年上半年營運表現較淡全年則將優於去年
8,https://news.cnyes.com/news/id/4295978,"['過去 2 年，隨著 Gogoro 快速攻占電動機車市場，電動機車已成為傳統機車大廠兵家必爭之地，機車龍頭品牌光陽雖快速開發出「Ionex 車能網」迎敵，但至去年底市占率僅個位數，光陽已喊出今年電動機車市占率要一口氣衝上 50% 的目標，如此高標如何快速達成？很顯然，光陽一方面找到了有力的盟友─汽車銷售龍頭和泰車 (2207-TW)，並宣示將開始在國外內推出「Ionex 智慧自助租賃」，可預期到，強攻 B2B 市場將是另一個重點戰略。', '台灣二輪機車市場去年銷售 85.5 萬台，年減 14.5%，然而，電動機車卻逆勢翻倍成長，銷售多達 8.2 萬台，大幅高於 2017 年的 3.9 萬台，其中，Gogoro 去年仍稱霸電動車市，全年領牌數達 72066 台，年增率 109%，占比 87%，而光陽電動機車市占僅是個位數。', '在這樣的環境下，光陽顯然找到了一個新藍海─隨租隨還，不僅藉此快速跨入 Gogoro 在台尚未積極著墨的電動機車隨租隨還市場，光陽更可藉由走 B2B 市場，快速拉升電動機車銷售市占。', '和泰車旗下和雲行動服務近來主打創新隨租隨還服務─「iRent24 小時自助租車」，日前甫宣布與光陽機車四輪汽車加二輪機車合作，和雲目標，初期在雙北地區提供 300 台電動機車出租，年底全台布建量將達 3000 台，也就是說，在這個大買家的挹注下，光陽將直接衝破去年僅賣 2000 餘台電動機車成績。', '光陽目前已推出 6 款電動機車，以因應 Gogoro 的機海戰術，為展現機車銷售龍頭實力，甚至正在研發重型電動機車；另一方面，光陽已設立 1000 個充電站和 278 個充換電能源櫃，遍布全台，提供在家充電外的其他能源選擇，光陽力拚，年底年全台設立達 1600 個充電站，藉由強化基礎建設來吸引車主。', '可觀察到，由於目前 iRent 電動機車租用推廣價相當便宜，10 分鐘 10 元起，第 11 分鐘起每分鐘 1 元，連續使用 24 小時只收 10 小時租金，成長潛力不容小覷，若發展有成，未來持續購車可以期待。', '另一方面，光陽不僅著眼在國內市場，針對國外，最新宣告推出「Ionex 智慧自助租賃」，未來將針對各國企業用戶和政府單位量身打造，此與 Gogoro 已開始發展海外隨租隨停的方向不謀而合，這場爭霸戰，可能將從國內打到國外。', '而今年起，各大機車品牌包括 YAMAHA、宏佳騰 (1599-TW) 和 PGO 等都將陸續推出使用 Gogoro 換電系統的電動機車，顯然，光陽將面臨更多業者的挑戰，也考驗著傳統機車老大哥的應變能力。']",2019/03/30 17:25,〈觀察〉電動機車爭霸戰光陽找來大咖盟友走向新藍海
9,https://news.cnyes.com/news/id/4287411,"['車市龍頭和泰車 (2207-TW) 本周一發表重量級大改款車─日系進口 SUV TOYOTA RAV4，入門款降至 92.5 萬元，而頂規版甚至大降 14.1 萬元震撼車界，SUV 買盤可能因此大洗盤，不過，其他國產車商也不甘示弱，\xa0HYUNDAI\xa0宣示已規劃最完整\xa0SUV 產品線，NISSAN 也有重磅新車系將登場；而在進口車方面，LEXUS 以 SUV 三劍客不斷進逼賓士，後有將導入 X7 新車以及 X4、X5 熱銷的 BMW 追兵，顯然，無論是國產車商或是進口豪華車市，今年都有可能看到排名洗牌。', '由於車市處在高度競爭中，使 TOYOTA RAV4 從過去市場預期的第 2 季提前到第 1 季發表，此次改款也一改過去都會休閒風格，大採美式粗曠外型，和泰車看好，全年將熱銷 3 萬台。', '若是與去年改款前的 RAV4 年銷 1.9 萬台相比，不僅一口氣成長超過 50%，在整體車市規模遭下修的市況下，等於還會吃到不少其他車商的買盤。', '即便 TOYOTA 長年高居市場銷售冠軍，但近年也面臨平價進口車競爭的不小壓力，因此，可看到此次 RAV4 不僅大改款，還訂出的高度具競爭力的價格，HYBRID 旗艦 4WD 版本從預接單價 139 萬元一口氣降至建議售價 124.9 萬元，而入門款也從 96.9 萬元降至 92.5 萬元，令同級距的 Honda CR-V、福斯 Tiguan 和 MAZDA CX-5 也將面臨最大競爭對手。', '另一方面，去年跌出前 10 大車商的\xa0HYUNDAI，今年也因應消費者對 SUV 的高需求趨勢，規劃出最完整\xa0SUV 產品線，預計 5 月導入 Kona 2WD，接下來還有 Tucson 小改款、Santa Fe 大改款，第 4 季則有新車款 LSUV Palisade 要導入台灣車市強。', '而 Kona 做為 HYUNDAI 首款跨界休旅車，對上 KICKS、HR-V 和 C-HR 等他牌主力 SUB 車，此級距競爭激烈，究竟哪款車能成為級距銷售之冠受矚目。', '而排行榜前 3 名常勝軍 NISSAN 今年雖無新 SUV，不過，熱銷款 SUV KICKS 近來已推出限量版特仕車「不受橘限版」，希望持續在年輕客群中創造話題；展望全年，NISSAN 預計再引進 2 款新車，分別有全球賣最好的 NISSAN Leaf 電動車和日系大型房車 Altima。', '不僅國產車商積極導入各款國產和進口新車款來搶市，遭 LEXUS 追過銷量的 BMW，正凝聚起更大的產品力，去年第 4 季陸續推出的 X4、X5 大改款買氣持續升溫，今年則有 BMW3 系列轎車全新改款、重磅 X7 新車系加入，勢必對其他豪華進口車商造成壓力。', '整體來看，2019 年車市又是多款新車齊發的一年，為因應市場快速變化，各家車款推陳出新的速度更快、選擇也更多，在此情況下，車商排名可能又將有變動。']",2019/03/10 15:30,〈觀察〉2019新車款百花齊放車商排名可能將再次洗牌
10,https://news.cnyes.com/news/id/4286227,"['軟板廠同泰電子 (3321-TW) 去年底成功切入韓系手機無線充電軟板供應鏈，1 月營收為 2.45 億元，公司今 (6) 日應公布 1 月獲利，稅後虧損 3195 萬元，每股虧損 0.27 元，主要仍因兩岸產能利用率不均衡造成，同泰已完成調整，3 月起營收可望大幅增加。', '隨著韓廠新款手機 25 日在西班牙行動通訊展 (MWC) 亮相，同系列還有 3 款將在 3 月陸續上市，同泰供應其中兩款無線充電應用軟板，且訂單量高，推升大陸揚州廠\xa01 月產能利用率達 100%，不過台灣的東二處，由於採取減少對客戶的交貨量，產能利用率僅有 50%。', '目前同泰針對此狀況，已調撥台灣東二廠產能，投入生產韓系客戶軟板，預估 3 月同泰台灣東二廠不僅產能利用率可有效提高，且同泰也能滿足韓國客戶訂單增加的需求。', '同泰\xa01 月營收\xa02.45 億元，其中對韓系客戶軟板出貨金額超過 8000 萬元，隨著生產良率提升，加上交期競爭優勢，且同泰還取得同機型其他款產品供應，在客戶的供應順位晉升成為主要廠商，供貨量將持續拉升。法人估，同泰\xa03 月起營運量將因完成兩岸產能調撥而大增，首季營收將優於 2018 年的 5.85 億元，且營收將逐季成長。', '同泰 2018 全年營收衰退，降到\xa024.13 億元，年減 13.61%，且第 4 季仍是虧損，全年虧損金額較 2017 年擴大，董事會決議，擬不配發股利。是同泰連續 3 年不配發股利，董事會也決議在 6 月 6 日召開股東會。']",2019/03/06 17:28,同泰1月每股虧損0.27元產能調整完畢3月業績可望顯著拉升
11,https://news.cnyes.com/news/id/4288519,"['亞股昨 (12) 日大漲後今 (13) 日再度陷入狹幅震盪，台股加權指數同樣見到多空膠著狀況，以下跌 12.06 點開出後，盤中在平盤上下波動，預估成交量不足 900 億元，法人指出，目前月線 10261 點有守，不過由於外資短線態度轉趨保守，投信季底作帳意願也不高，近 2 日還是以財報亮麗和高現金殖利率股的個股表現為主。', '從細族群來看，網龍漲半根停板，帶動遊戲相關業者明顯轉強，尚凡、鈊象漲逾 3%，大宇資、歐買尬漲 2% 上下，橘子、宇峻也有 1% 漲幅。', '另一方面，有部分個股反應高現金殖利率題材，中連貨早盤一度漲停，訊映漲近 4%，中菲、潤隆漲 2%。', '日前強勢的個股今日仍有續強者，包括有晶宏、拓凱漲逾 5%，亞信、致茂漲逾 4%，亞獅康 - KY、明基材、敦陽科、漢平和優群等均漲超過 2%。', '而華映史上大裁員 2500 人，股價繼續跌停鎖死，綠能跌逾 8%；同時，日前強勢股如祥碩、晟田、裕豐見獲利了結，跌逾 3%，和泰車、好德、廣明等跌近 2%。', '從 50 權值股來看，漲跌互見，台達電、研華漲逾 2%，大立光、元大金、可成和亞泥均漲逾 1%，華碩、國巨、光寶科、富邦金、台泥和鴻準等穩在盤上；反觀聯電、中鋼、鴻海、聯發科、台積電、群創、日月光投控、統一超、台灣高鐵、統一、寶成、中壽等遭壓在盤下。', '法人指出，考量上檔年線反壓重，且指數短期漲幅頗大，再加上短期均線 5 日和 10 日均線下彎，仍需橫盤整理讓籌碼沉澱，來減緩年線壓力。', '統一投顧進一步說明，華為提告美國政府，美中雙方關係時好時壞，市場不確定性未除，而台股昨日大漲，外資卻僅買超 30 億元顯示買盤力度縮手，後續值得留意，預期指數將於月線附近來回震盪，區間整理，目前選股重於選市，操作上建議以汽車零組件、紡織、5G 題材股，以及高殖利率概念股等。', '\xa0']",2019/03/13 10:40,台股盤中 激情過後買盤再度沉澱狹幅震盪看個股走勢
12,https://news.cnyes.com/news/id/4288735,"['泰昇 - KY(8480) 不受原物料漲勢影響，2018 年獲利 2.99 億元，創歷史新高，年增 17.66%，每股稅後盈餘 7.61 元，擬配發現金股利 5.3 元，配發率 69.65%，現金殖利率 4.03%。泰昇 - KY 去年營業收入 17.44 億元，營業毛利 5.21 億元，營業利益 2.85 億元，稅後純益 2.99 億元，每股稅後盈餘 7.61 元。董事會通過，去年盈餘配發現金股利 5.3 元，配發率 69.65%。以今日收盤價 131.5 元計，現金殖利率 4.03%。\n\n從去年營收占比觀察，嬰兒拉拉褲以 56.75% 居主要產品，營收金額 9.9 億元，嬰兒紙尿褲及成人失禁產品各占二成餘，營收分別是 3.6 億元、3.56 億元，其次為女性衛生棉 2,175 萬元，其他類產品約 1,593 萬元。\n\n此外，泰昇 - KY 各國市場皆有成長，以越南與柬埔寨為二大主要銷售地區，前者銷售包括嬰兒紙尿褲及拉拉褲、成人紙尿褲，分別居當地第四大、第二大品牌，惟衛生棉較晚投入，排名第五；反觀，紙尿褲及拉拉褲、成人紙尿褲穩居柬埔寨龍頭品牌。\n\n展望第一季，柬埔寨新廠已達生產效率目標，越南廠嬰兒拉拉褲產線進入量產，泰昇 - KY 發言人林耕平仍保守看待本季營收，主因是第一季受暖冬影響，天氣炎熱降低消費者出門意願，而原物料價格雖回落，但 2018 年第三季囤貨備料，優先出清庫存情況下，估計毛利率於第二季才有明顯回升。\n\n此外，2018 年越南紙尿褲市場出現變化，龍頭品牌嬌聯加大行銷力道，提高產量銷售，也侵蝕同業銷售表現，林耕平強調，越南廠紙尿褲產能獲得改善，今年將強化行銷及通路，並致力將營利率維持正常水位，提高銷售成長目標，不會因投入行銷費用而侵蝕營收。']",2019/03/13 18:21,泰昇-KY去年獲利創新猷擬配息5.3元毛利率Q2起將明顯回升
13,https://news.cnyes.com/news/id/4287790,"['◆盤勢分析\n今日台股量縮震盪整理，但創 1 個多月來的新低量，成交量僅 907 億元，指數終場小漲 8 點，其中以汽車類股表現最強，主要受和泰車 (2207) 將納入台灣 50 指數成分股影響，也使和泰車股價續創波段新高。', '電子股方面，在 MOSFET 市場需求不如預期，未來恐有價格修正變數，概念股如: 大中、杰力跌幅皆超過 3%；而鴻海在營收年減與遭微軟控告未履行專利授權協議下，股價表現弱勢。', '今日大盤走勢顯示出，「防守有餘但攻擊不夠力」，在量能快速萎縮的市場行情變化下，尤其如美股不振，今日日本、南韓股市等，都無太大激勵上揚走勢，未來仍以個股表現為主，未來美中貿易談判進展將持續牽動全球股市，投資人宜審慎檢視手中持股。', '胡毓棠\xa0 分析師', '\xa0']",2019/03/11 17:30,【亞洲投顧】盤後分析
14,https://news.cnyes.com/news/id/4289125,"['◆盤勢分析', '1. 週四台股開平高震盪走低，最高點 10,407.27 點仍未收復年線（10,453 點），最低點 10,339 點守穩 10 日線（10,327 點）、5 日線（10,311 點）、月線（10,275 點）、半年線（10,0.32 點）及季線（9,926 點），終場指數下跌 24.67 點，跌幅 0.24%，收在 10,348.65 點，成交金額為 1,140.85 億元，大於 5 日均量（1,045 億元）但略小於 20 日均量（1,176 億元）。三大法人合計賣超 9.34 億元：外資賣超 22.08 億元、投信買超 3.04 億元、自營商買超 9.69 億元。', '2. 由以下三個面向檢驗加權指數方向及強弱：\n（1）、量能：回檔量縮或反彈成交量大於月均量方有利反彈延續向上挑戰年線。\n（2）、均線：支撐為月線至半年線，壓力為年線附近。\n（3）、技術指標：KD 開口向上，9 日 K 值（64）大於 50，短線偏多整理。', '3. 櫃買指數漲幅 0.14%，收在 137.16 點，以櫃買指數的線型及指標角度而言，支撐為 134 點附近，壓力為 140 點附近，KD 技術指標開口閉合，9 日 K 值（50）在 50 附近，短線偏多整理。近期法人著墨較深的族群包括晶圓代工、IC 封測、PCB、工業 4.0、遊戲、散熱、系統整合、生技、風電等。', '4. 台股選股方向可留意 5G、PCB、工業 4.0、IC 設計、系統整合、生技、內需、越概、自行車、航太、風電、金融、高殖利率等。', '半導體、蘋概、5G、PCB、光學、風電、生技、越概相對強勢', '1. 半導體：晶圓製造可留意 5347 世界等，IC 封測指標為 2449 京元電、6147 頎邦等， IC 設計各擁題材，包括 4966 譜瑞 - KY、5269 祥碩、8016 矽創、3035 智原、2454 聯發科、2379 瑞昱、3034 聯詠、6462 神盾、6411 晶焱、2458 義隆電、3527 聚積、5274 信驊、3141 晶宏、3443 創意、2388 威盛等。', '2. 蘋概：近期 APPLE 股價走強，帶動供應鏈 6153 嘉聯益、4943 康控 - KY 等轉強。', '3.5G：長線相關需求可期，可注意通訊 5388 中磊、6285 啟碁、4906 正文、2332 友訊、3491 昇達科、2345 智邦、3596 智易、6271 同欣電及光通訊的 4977 眾達 - KY、6426 統新、3234 光環、4979 華星光、3163 波若威、3081 聯亞、3450 聯鈞、4908 前鼎等，PA 在 5G 時代用量將增加，3105 穩懋、2455 全新、8086 宏捷科、4991 環宇 - KY、4971IET-KY 等長線仍可關注，散熱 6230 超眾、3324 雙鴻、3338 泰碩、3017 奇鋐等也因 5G 而受惠，安控有機會因中美貿易轉單，3454 晶睿、3356 奇偶、8072 陞泰等有機會受惠。', '4.PCB：ABF 基板供需吃緊，相關公司如 3037 欣興、3189 景碩、8046 南電等將受惠，6552 易華電受惠驅動 IC 需求成長，5349 先豐切入車用及通訊，3044 健鼎、2367 燿華車用助攻，上游 3645 達邁的 PI 有摺疊機題材加持，2383 台光電、6213 聯茂、6274 台燿、4939 亞電也將受惠 5G 相關應用。', '5. 光學：近期資金輪動，指標為 3504 揚明光、3059 華晶科、3362 先進光、4976 佳凌等。', '6. 系統整合：軟體應用日廣，族群指標股包括 4953 緯軟、2480 敦陽、3029 零壹、3147 大綜等。', '7. 風電：政府大力扶持離岸風電，相關公司如 3708 上緯投控、1589 永冠 - KY、9958 世紀鋼、2013 中鋼構、2031 新光鋼、2208 台船、3023 信邦等長線可持續觀察。', '8. 生技：行政院生技產業策略諮議委員會議 (BTC 會議) 長線對生技業帶來政策性利多，可留意包括原料藥 4119 旭富、新藥 1762 中化生、4180 安成藥、4157 太景 *-KY、1760 寶齡富錦、4123 晟德、4162 智擎、1795 美時、4147 中裕、4174 浩鼎、1701 中化、4108 懷特、6461 益得、6497 亞獅康 - KY、醫材 4107 邦特、4736 泰博、4171 瑞基、保健食品 8436 大江、1707 葡萄王、4743 合一、3205 佰研、4109 穆拉德加捷、醫美 4137 麗豐 - KY、4190 佐登 - KY、1786 科妍、6666 羅麗芬 - KY 等。', '9. 越概：越南在中美貿易戰中相對受惠，相關概念股包括 9904 寶成、9910 豐泰、9938 百和、1434 福懋、4426 利勤、1477 聚陽、1476 儒鴻、4401 東隆興、5288 豐祥 - KY、4536 拓凱等。', '10. 高殖利率：保守型投資人可留意如 6277 宏正、台塑四寶、2886 兆豐金等。', '\xa0']",2019/03/14 15:45,【日盛投顧】年線仍下彎接近年線震盪難免
15,https://news.cnyes.com/news/id/4289597,[],2019/03/15 15:12,台灣集中市場漲跌幅前30名
16,https://news.cnyes.com/news/id/4289827,[],2019/03/15 18:10,台灣集中市場公告注意交易資訊
17,https://news.cnyes.com/news/id/4286061,"['近期中美貿易談判有進展，亞洲股市表現亮眼，喜歡配息的投資人也將目光投注到了亞洲高收益債券。自 2011 年以來許多機構開始陸續發行亞洲高收益債券，而富達亞洲高收益基金卻早在 2007 年就成立，且不論在各個面相上表現都很突出，是市場上指名度很高的產品。這篇文章帶你來看看這檔基金的特點。', '1. 報酬資優生，抵禦下跌能力強', '在所有台灣可銷售的境內外亞洲高收益債券之中，富達亞高收的表現一路都居前段班，且相較同類型基金的表現更突出。主要原因之一來自於較低的管理費，此檔基金管理費約為 1%（資料來源：晨星，2019/2/27），在所有亞高收債基金中最低。', '另外，富達亞高收基金採取客製化的參考指標，來分散傳統指標過度集中於單一產業的風險（例如，房地產產業）。基金投資債券總數目也是同類別基金中最多，也再度驗證該基金較為分散的策略特色。', '', '細看基金在上漲、下跌趨勢中的表現（參考下圖），也可以發現，在市場上漲時基金表現與同類平均差不多，但是在下跌段中，此基金有比較強勁的下跌防禦能力，在同類組基金中幾乎是最強的！這樣的特色，相對適合較穩健的投資人，但如果是心臟比較大顆的投資人（想要上漲時很能漲，下跌的時候也可以接受跌得比較多），下表也標出另外兩個可以考慮的基金選擇。', '', '2. 考量風險後，報酬 CP 值高', '除了考量第一點所述的絕對報酬之外，基金主動操作有沒有為績效帶來貢獻也是我們所關心的，此時，可以看超額報酬（Alpha，超過參考指標的報酬）和資訊比率（Information Ratio，數值越大表示風險調整後的超額報酬越高），觀察兩個指標都較同類平均更優異。', '索提諾比率、崔納比率和夏普值，則各是在不同定義下衡量風險調整後報酬的指標，數值均是越高越好。富達亞高收基金表現都相對突出。', '', '3. 配息比一比', '對於想要分散部分所得至海外資產的投資人來說，境外發行的亞洲高收益債券目前僅有 4 檔，選擇相對有限。富達亞洲高收益基金 F1 股份類別在排名中排行第二（下表僅列示同系列基金中最高配息的股份類別），近一年的含息報酬約為 0.25%。', '富達高收益債券基金目前持有的債券平均票息大約為 6.61%，基金股份類別有固定單位配息金額的穩定配息類別和僅配出債息的 A 股類別，如果投資人較希望穩定每月息收的可以選擇穩定配息股份類別，但如果是追求不影響淨值表現為前提的投資人，則可以選擇 A 股類別。', '', '◆鉅亨投資策略', '基金操作上，建議如下：', '◇佈局時機財，挑風險較小的', '在先前\xa0亞洲高收益債蓄勢待發\xa0的文章中，曾提到目前利空消息淡化及評價面的考量，亞洲高收益債券適合做為投資人衛星部位的配置之一。然而在衛星部位中，基金的風險調整後報酬可以用來判斷投資人是否承擔太多不必要的風險。富達亞洲高收益基金的風險調整後報酬表現優異，加上基金同時有發行較高配息和僅配發債息的股份類別，除了可以搭上近期亞洲市場回春的議題，也有利投資人做每月現金流的規劃。', '◆鉅亨精選基金\n>> 富達基金 - 亞洲高收益基金 (美元累積)', '◆延伸閱讀\n>> 亞洲高收益債蓄勢待發', '鉅亨網投顧獨立經營管理\n本資料僅供參考，鉅亨網投顧已盡力就可靠之資料來源提供正確之意見與消息，但無法保證該等資料之完整性。內容涉及新興市場部分，因其波動性與風險程度可能較高，且其政治與經濟情勢穩定度可能低於已開發國家，也可能使資產價值受不同程度之影響，匯率走勢亦可能影響所投資之海外資產價值變動。投資人應依其本身之判斷投資，若有損益或因使用本資料所生之直接或間接損失，應由投資人自行負責，本公司無須負擔任何責任。\n本文提及之經濟走勢預測不必然代表基金之績效，基金投資風險請詳閱基金公開說明書及投資人須知。\n基金經金管會核准或同意生效，惟不表示絕無風險，基金經理公司以往之經理績效不保證基金最低投資收益；基金經理公司除盡善良管理人之注意義務外，不負責基金之盈虧，亦不保證最低之收益，投資人申購前應詳閱基金公開說明書及投資人須知。\n各銷售機構備有基金公開說明書及投資人須知，歡迎索取。有關基金應負擔之費用（境外基金含分銷費用），已揭露於基金之公開說明書或投資人須知中，投資人可至公開資訊觀測站或境外基金資訊觀測站中查詢。\n投資人投資以高收益債券為訴求之基金不宜占其投資組合過高之比重。基金經金管會核准或同意生效，惟不表示絕無風險。由於高收益債券之信用評等未達投資等級或未經信用評等，且對利率變動的敏感度甚高，故基金可能會因利率上升、市場流動性下降，或債券發行機構違約不支付本金、利息或破產而蒙受虧損。投資人應審慎評估，該等基金不適合無法承擔相關風險之投資人。基金經理公司以往之經理績效不保證基金最低投資收益；基金經理公司除盡善良管理人之注意義務外，不負責基金之盈虧，亦不保證最低之收益，投資人申購前應詳閱基金公開說明書及投資人須知。\n投資於 Rule 144A 債券，境內高收益債券基金最高可投資基金總資產 30%; 境內以投資新興市場國家為主之債券型基金及平衡型基金最高可投資基金總資產 15%; 境外高收益債券基金可能有部分投資於美國 Rule 144A 債券，該債券屬私募性質，較可能發生流動性不足，財務訊息揭露不完整或因價格不透明導致波動性較大之風險。\n不動產證券化型基金得投資於高收益債券，其投資總金額不得超過基金淨資產價值之 30％。\n投資人因不同時間進場，將有不同之投資績效，過去之績效亦不代表未來績效之保證。\n基金配息率不代表基金報酬率，且過去配息率不代表未來配息率；基金淨值可能因市場因素而上下波動。\n基金配息前未先扣除應負擔之相關費用。基金的配息可能由基金的收益或本金中支付。任何涉及由本金支出的部份，可能導致原始投資金額減損。']",2019/03/06 11:11,基金開箱文》富達亞洲高收益基金，值得買？
18,https://news.cnyes.com/news/id/4295223,[],2019/03/29 08:29,[表三4]台灣集中市場均線方向改變
19,https://news.cnyes.com/news/id/4289962,"['◆盤勢分析', '1. 中美貿易協商重燃樂觀希望，美國股市上週五收高，波音股價反彈上漲 1.5%，Broadcom 公布上季獲利優於預期，其股價大漲逾 8%，漲勢領先。四大指數分別上漲 0.5%~2.9%。', '2. 上週五台股在美股走穩以及中小型業績股走強帶動之下，指數以小高盤開出，並往前高 10416 點挑戰，終場在台灣指數成分股調整之下，尾盤最後一筆成交量放大，終場指數上漲 90.59 點，以 10439.24 點作收，成交量為 1533.17 億元，較前個交易日增加 377.21 億元。', '3. 由以下三個面向檢驗加權指數方向及強弱：\n(1) 量能：成交量放大，呈現價漲量增，後續若能維持在千億成交量之上，有利多方挑戰年線。\n(2) 均線：五日均線與十日均線呈現黃金交叉，低檔月線支撐強勁，有利多方。\n(3) 技術指標：日 KD50 附近黃金交叉，多方仍有優勢。', '4. 櫃買指數在主要權值股 6488 環球晶、3105 穩懋等帶動之下，持續沿五日均線盤高，成交量亦呈現放大，有機會突破年線反壓，目前中小型業績成長股仍為盤面中焦點。', '5. 三大法人合計買超 74.34 億元：外資買超 55.82 億元、投信買超 4.33 億元、自營商買超 14.19 億元。', '6.IC 設計：6462 神盾指紋辨識除三星外將再獲得小米、OPPO 等大單，市場預期下半年有望打入華為供應鏈，股價創波段新高；3556 禾瑞亞擬配息 3.3 元，殖利率達 6.8% 左右，股價走強；6533 晶心科 32/64 位元處理器 IP 出貨量持續提高，股價挑戰年線，6411 晶焱去年 EPS7.5 元優於預期，股價低檔轉強。', '7.PA：Verizon 宣布 4 月 11 日提供 5G 行動網路，加上華為 P30 系列將登場，帶動 VCSEL 需求量提升，族群包括 3105 穩懋、2455 全新漲停、8086 宏捷科與 4991 環宇 - KY 上漲。', '8. 被動元件：2327 國巨與 2456 奇力新公布 2018 年財報，2327 國巨董事會決議配息 45 元，殖利率高達 13.02%，2456 奇力新預計配息 8 元，殖利率 8.96% 左右，連袂上漲。', '9.PCB：5G、車用以及 AI 商機爆發，ABF 基板供需吃緊，相關公司如 3037 欣興、8046 南電等將受惠，6552 易華電受惠驅動 IC 需求成長，5349 先豐切入車用及通訊，3044 健鼎車用助攻， 2383 台光電創波段新高。', '10. 零組件：3023 信邦連續四年賺逾半個股本，營收與獲利創歷年新高，股價持續走強，6290 良維 TYPE-C 線才逐季成長，帶動股價挑戰前高；3533 嘉澤受惠於 INTEL 有望調降 CPU 價格，帶動股價走強。', '11. 生技：行政院生技產業策略諮議委員會議 (BTC 會議) 長線對生技業帶來政策性利多，6497 亞獅康 - KY 新增授權，股價盤中再創波段新高，6452 康友 - KY 受惠於疫苗產品出貨加溫，股價強漲，4116 明基醫攻牙科醫材市場，股價漲停。', '12. 越概：9904 寶成營運走強，奧運前一年或有運動廠推貨積極，帶動股價表現、1476 儒鴻去年 EPS15.96 元，擬發放 11 元現金股利，3 月進入夏裝出貨，營運可望逐步走強，帶動 1477 聚陽走強。', '13. 台灣指數成分股調整，台灣 50 新納入 2207 和泰車、剔除 2354 鴻準 (轉入中型 100)、中型 100 納入 2354 鴻準、2458 義隆電、3005 神基；剔除 2015 豐興、1717 長興、2106 建大；台灣資訊科技指數納入 2458 義隆、3005 神基；台灣發達指數納入 2207 和泰車、剔除 2015 豐興、1717 長興、2106 建大，調整股尾盤呈現較大波動。', '14. 中國副總理劉鶴與美國財政部長梅努欽及美國貿易代表萊特海澤進行了協商，雙方就貿易協定的內容，做出了具體的進展。北京希望習近平與川普會晤之前，完成貿易協定。', '15. 負責 Fed 貨幣決策會議，訂 19 日起開會兩天，市場預期不會升息，經濟學家預期 Fed 將按兵不動，對升息展現「耐心」，至少等到第 3 季才考慮再升息。', '16. 中央銀行第 1 季理監事會議將於 21 日舉行，因國內外經濟成長減緩，加上物價漲幅不成疑慮，市場預期，央行貼放利率將「連 11 凍」。', '17. 本週重要法說會，週一 (2880 華南金、2887 台新金)、週二 (5274 信驊)、週三 (3454 晶睿、6488 環球晶)、週四 (2379 瑞昱、3017 奇鋐、4938 和碩)、週五 (3661 世芯 - KY、4991 環宇 - KY、6271 同欣電)', '18.5G 拉貨啟動，近期下單台灣備料出貨，包括 2317 鴻海、2382 廣達、2314 台揚、6285 啟碁、5388 中磊、3105 穩懋、2455 全新、5349 先豐、2454 聯發科等有望受惠。']",2019/03/18 08:06,【日盛投顧】盤前分析
20,https://news.cnyes.com/news/id/4294234,[],2019/03/28 08:32,[表三2]台灣集中市場股價創新高
21,https://news.cnyes.com/news/id/4285552,"['在美股道瓊指數湧現獲利了結的壓力下，亞股多數壓回，台股也持續遭賣方調節，加權指數今 (5) 日以下跌 26.63 點開出後，盤中跌點擴大至 40 餘點，多空激戰 10300 點關卡，預估成交值僅千億元左右，法人指出，目前處在短線漲多修正格局，留意整理風險，僅個股零星表現。', '從細族群來看，隨著車載鏡頭需求持續拉升，光學鏡頭廠盤中多數走揚，聯一光大漲超過 6%，大立光、玉晶光、亞光、佳凌、今國光和先進光漲幅也有 1.5-2% 上下。', '而 5G 題材下使光纖相關業者相對抗跌，上詮漲 2%，波若威和台通穩在盤上。', '整體盤面上以個股表現為主，明揚漲停，元晶和正崴漲幅 8% 之上，嘉威、華宏、僑威、緯軟、天剛、揚明光和寶一等盤中漲半根停板，聯昌、宣德、致伸、尚立、智擎、GIS-KY 和佳邦等則在漲 3-4% 上下波動。', '而走弱者多數是過去幾日有明顯漲勢的個股，顯示輪動相當快速，其中，廣明大跌超過 7%，科風、欣興、台表科、亞獅康 - KY、新日興、康舒、奇鋐、寶利徠和歐買尬均跌 3% 左右，興能高、立端、強盛、環科、瑞昱、和泰車、禾伸堂、京城銀、明基材、群電和誠美材等跌逾 2%。', '法人指出，上市櫃公司陸續公告股利政策，高配發率和高殖利率搭配低基期者，可做為進可攻退可守的選股考量。', '若從技術面來看，台股多頭結構越來越穩，伺機向上挑戰年線可期，不過，今年以來已上揚千點，加上上檔年線反壓重，短線仍需時間整理。', '另一方面，法人提醒，3 月 6 日加拿大將舉行孟晚舟的引渡聽證會，恐增添市場雜音與波動。']",2019/03/05 10:03,台股盤中 多空激戰10300點整理風險加劇僅看個股零星走揚
22,https://news.cnyes.com/news/id/4289641,"['◆盤勢分析', '1. 週五台股在美股走穩以及中小型業績股走強帶動之下，指數以小高盤開出，並往前高 10416 點挑戰，終場在台灣指數成分股調整之下，尾盤最後一筆成交量放大，終場指數上漲 90.59 點，以 10439.24 點作收，成交量為 1533.17 億元，較前個交易日增加 377.21 億元。', '2. 由以下三個面向檢驗加權指數方向及強弱：\n（1）、量能：成交量放大，呈現價漲量增，後續若能維持在千億成交量之上，有利多方挑戰年線。\n（2）、均線：五日均線與十日均線呈現黃金交叉，低檔月線支撐強勁，有利多方。\n（3）、技術指標：日 KD50 附近黃金交叉，多方仍有優勢。', '3. 櫃買指數在主要權值股 6488 環球晶、3105 穩懋等帶動之下，持續沿五日均線盤高，成交量亦呈現放大，有機會突破年線反壓，目前中小型業績成長股仍為盤面中焦點。', '4. 三大法人合計買超 74.34 億元：外資買超 55.82 億元、投信買超 4.33 億元、自營商買超 14.19 億元。', '高殖利率股 5G 相關以及 PA 等表現強勢', '1.IC 設計：6462 神盾指紋辨識除三星外將再獲得小米、OPPO 等大單，市場預期下半年有望打入華為供應鏈，股價創波段新高；3556 禾瑞亞擬配息 3.3 元，殖利率達 6.8% 左右，股價走強；6533 晶心科 32/64 位元處理器 IP 出貨量持續提高，股價挑戰年線，6411 晶焱去年 EPS7.5 元優於預期，股價低檔轉強。', '2.PA：Verizon 宣布 4 月 11 日提供 5G 行動網路，加上華為 P30 系列將登場，帶動 VCSEL 需求量提升，族群包括 3105 穩懋、2455 全新漲停、8086 宏捷科與 4991 環宇 - KY 上漲。', '3. 被動元件：2327 國巨與 2456 奇力新公布 2018 年財報，2327 國巨董事會決議配息 45 元，殖利率高達 13.02%，2456 奇力新預計配息 8 元，殖利率 8.96% 左右，連袂上漲。', '4.PCB：5G、車用以及 AI 商機爆發，ABF 基板供需吃緊，相關公司如 3037 欣興、8046 南電等將受惠，6552 易華電受惠驅動 IC 需求成長，5349 先豐切入車用及通訊，3044 健鼎車用助攻， 2383 台光電創波段新高。', '5. 零組件：3023 信邦連續四年賺逾半個股本，營收與獲利創歷年新高，股價持續走強，6290 良維 TYPE-C 線才逐季成長，帶動股價挑戰前高；3533 嘉澤受惠於 INTEL 有望調降 CPU 價格，帶動股價走強。', '6. 生技：行政院生技產業策略諮議委員會議 (BTC 會議) 長線對生技業帶來政策性利多，6497 亞獅康 - KY 新增授權，股價盤中再創波段新高，6452 康友 - KY 受惠於疫苗產品出貨加溫，股價強漲，4116 明基醫攻牙科醫材市場，股價漲停。', '7. 越概：9904 寶成營運走強，奧運前一年或有運動廠推貨積極，帶動股價表現、1476 儒鴻去年 EPS15.96 元，擬發放 11 元現金股利，3 月進入夏裝出貨，營運可望逐步走強，帶動 1477 聚陽走強。', '8. 台灣指數成分股調整，台灣 50 新納入 2207 和泰車、剔除 2354 鴻準 (轉入中型 100)、中型 100 納入 2354 鴻準、2458 義隆電、3005 神基；剔除 2015 豐興、1717 長興、2106 建大；台灣資訊科技指數納入 2458 義隆、3005 神基；台灣發達指數納入 2207 和泰車、剔除 2015 豐興、1717 長興、2106 建大，調整股尾盤呈現較大波動。', '\xa0']",2019/03/15 15:42,【日盛投顧】帶量長紅，有望挑戰年線
23,https://news.cnyes.com/news/id/4285469,"['台灣 1 月的製造業燈號\n美國 2 月 ISM 非製造業指數\n中國 2 月財新服務業 PMI\n南韓上季 GDP、2 月 CPI', '法說會：瑞昱、致伸、亞德客 - KY、大聯大、日月光投控、榮剛、群電、復盛應用', '受到美中即將達成貿易協議的消息激勵，週一 (4 日) 美股開盤走高，但投資者等待更多貿易細節與獲利了結賣壓湧現，午盤後廣泛拋售隨之而來，醫療保健、科技和金融股損失最為慘重。閱讀全文...', '國發會今 (4) 日公布 1 月景氣對策信號綜合判斷分數為 20 分，較上月增加 4 分，燈號由藍燈轉呈黃藍燈，國發會說明，此應與今年春節落在 2 月初，相關經濟活動提前在 1 月反應有關，不過，領先指標和同時指標仍持續下跌，惟跌幅似逐漸縮小，未來仍須持續密切關注景氣變化。閱讀全文...', '2 月台灣新車掛牌統計昨 (4) 日出爐，總掛牌數僅 19640 台，不僅較上月減少 55.5%，也較去年同期衰退 27.2%，前 10 大車商均呈現衰退；若排除 2 月有季節性因素，從累計前 2 月銷售數據來看，掛牌數 63783 台，仍是年減 14.8%，前 10 大品牌中，僅和泰車 (2207-TW) 代理的 LEXUS 較去年同期成長，且增幅高達 45%。閱讀全文...', 'MSCI 調高 A 股權重，激勵陸股今 (2019) 年以來價漲量增，在新興市場中表現相當強勢，連動台股相關陸股 ETF 也漲勢驚人，其中有 3 檔陸股 ETF 今年以來漲幅已經超過 5 成，且表現最差的陸股 ETF 報酬率，也超越表現最好的台股 ETF，顯示陸股 ETF 今年以來完勝台股 ETF。閱讀全文...', '台股 2 月單月大漲約 4.60%，收盤再度回到萬點以上，創 2015 年自低點 7203 點上漲以來，單月最大漲幅，多頭氣勢強勁，但要提醒投資人，要開始逢高分批有條件調節。閱讀全文...', '\xa0', '\xa0', '\xa0', '\xa0']",2019/03/05 08:10,盤前財經大事搶先讀2019年3月5日
24,https://news.cnyes.com/news/id/4287682,"['陸股今 (11 日) 無懼上週五大跌，開盤初雖然依然弱勢，但隨後在創業板領軍下，重新尋回漲勢，午後震盪後繼續上攻，上證指數收復 3000 點關卡，創業板指數大漲超過 4.4%。', '截至收盤，上證指數報 3026.99 點，漲 1.92%，深成指數報 9704.33 點，漲 3.64%；創業板指數報 1727.80 點，漲 4.43%，創下本輪新高點。兩市成交金額雖然未破兆，仍達人民幣 9445 億元。', '盤面上，電力板塊領漲全天，特高壓、物聯網概念股強勢崛起上演漲停潮，智能電網等相關類股發力上揚，市場上基本普遍上揚，僅前期炒高個股集體回調，包括東信和平、華菱星馬、中國人保、領益智造均大跌。', '特高壓概念股為今天盤面焦點，國電南自、國電南瑞、四方股份、思源電氣等相關個股大漲。消息面上，在肯亞舉行的第 4 屆聯合國環境大會上，發布了《全球能源互聯網促進全球環境治理行動計畫》，標誌著全球能源互聯網納入聯合國環境治理工作框架，助力相關個股。', '同樣受消息面影響，傳出螞蟻金服正在籌備科創板，但根據科創板的速度，未必能趕上首批。健康元、君正集團、金字火腿、海泰發展等個股紛紛走高。對此，螞蟻金服表示，公司作為一家創新型的科技企業，一直在密切關注，但目前沒有上市時間表。', '智能電網板塊全天強勢上漲，中國西電、寶勝股份、平高電氣、九洲電氣等 53 支相關個股漲停，板塊成交量近 2900 萬，成交額超 250 億。', '銀河證券首席經濟學家、研究院院長劉鋒表示，從表面來看，市場上再次出現了低價股、績差股被爆炒的現象，而這背後仍然是由於目前 A 股股權結構不合理，帳戶實際控制人和持有人監管不規範所造成。「爆炒股」大躍進式上漲，本質上仍是概念炒作，投資者應注意風險。', '巨豐投顧認為，市場正從超跌反彈行情向中級反彈行情演變，金融和科技是市場反彈的兩大主線。經過巨震後，大盤將放緩上攻節奏，構築震盪箱體，籌碼充分交換後將繼續上行。大金融步入調整，而科技股依舊是市場最穩健的主線，建議投資者逢低關注底部績優股。']",2019/03/11 16:40,陸股創業板強漲4.4% 創本輪新高上證指數收復3000點
25,https://news.cnyes.com/news/id/4291889,[],2019/03/22 08:32,[表三3]台灣集中市場股價創新低
26,https://news.cnyes.com/news/id/4288712,"['車燈廠大億 (1521-TW) 今 (13) 日與工研院簽約，將共同合作開發 ADB(Adaptive Driving Beam)先進車燈控制軟體開發平台，大億指出，此有助技術能力再升級，滿足自動駕駛車輛室內外燈具所需要的智慧化功能，並搶進滲透率逐漸提高的智慧駕駛市場。', '大億董事長吳俊億表示，國際大廠積極研發 ADB 先進車燈，其中，歐洲的 ADB 陣營不僅有奧迪 (Audi) 和賓士 (Mercedes-Benz) 等高級車，日本的豐田 (Toyota) 也加入此行列，據相關研究報告指出，ADB 先進車燈市占率將從目前全球車用市場的不到 1%、快速成長至 2025 年的 15%。', 'ADB 車燈是以 LED 為光源，可判斷對向來車的位置和距離，並智慧化調整燈光照射區域，避免車燈炫光造成交通事故，其關鍵技術在於 LED 光源模組的精密製造，以及車燈和行車電腦 (ECU) 連結的控制器軟體開發，可滿足自動駕駛車輛室內、外燈具所需要的智慧化功能。', '工研院副院長張培仁表示，此次與大億合作，目標將車燈產品推向高值智能化，工研院機械所將進行軟體設計以及功能測試，而大億進行硬體設計。', '大億尚未公布去年全年財報，由於國產車銷售疲軟且外銷表現低迷，去年前 3 季稅後純益 2.47 億元，年減 35.38%，每股純益 (EPS)3.24 元；而今年前 2 月合併營收仍處在衰退態勢，年減 9.17% 至 7.61 億元。']",2019/03/13 17:24,大億攜手工研院研發ADB車燈搶進智慧駕駛版圖
27,https://news.cnyes.com/news/id/4288989,"['據外電報導，以太坊聯合創始人暨 ConsenSys 創始人 Joseph Lubin 在一次採訪中表示，區塊鏈技術和分散式帳本技術可以使內容創作者和記者們受益良多。', 'Lubin 表示，藝術家們將「從區塊鏈技術中受益匪淺」，因為該項技術有助於管理創作內容如何被消費和分享，像是衍生性作品，串流媒體內容，或是公共性的表演等。此外，他也認為，區塊鏈技術能夠省去中介商及相關的成本。', '「我認為那些創作家在音樂產業中只獲得了約 11% 或 12% 的價值，而那些大唱片公司吸收的價值卻高達 70% 左右。我們可以藉由以太坊平台上的智慧合約來取代那些唱片公司。」Lubin 說道。', '他也補充強調，雖然仍然會有發行商等中介者，但他們將無法再「因為擔任中介角色而獲得巨額傭金。」', '另一方面，對新聞業來說，Lubin 認為像 Civil 這樣基於區塊鏈技術的新聞平台有助於新聞業直接向消費者提供內容，並「將道德規範歸還給新聞界」。Civil 這個去中心化的新聞平台允許新聞編輯者在區塊鏈平台上發布新聞，權力將回到作者本身，也不受外界假新聞和謠言影響。', '透過這樣的平台，新聞工作者或記者可以直接透過讀者的的支持而獲得加密貨幣作為酬勞。儘管去年該公司的 ICO 並不成功，但是該平台在本月份仍推出，允許參與者購買會員資格以及 CVL 代幣，讓會員 Civil 生態系統對於每篇新聞擁有投票權，為新聞業提供創新商業模式。']",2019/03/14 16:00,〈區塊鏈大應用〉以太坊聯合創始人：區塊鏈可使作者和記者受益
28,https://news.cnyes.com/news/id/4286914,"['幾個月來，歐洲央行總裁德拉吉對貿易緊張的衝擊，及其他政局的擔憂，迭有怨言。在面臨全球經濟減緩的情況下，歐洲央行今日推出了讓人意外的政策措施，這似乎讓緊張的投資人魂不附體。', '分析師原已預期德拉吉今日會展現出鴿派語調，然而決策官員的行動，遠較預期更深更遠。', '首先，歐洲央行延長了極低利率的展望，並說至少要到 2020 年初，才會開始升息。稍早的計畫則是維持利率不變，至少到今年夏季結束。第二，歐洲央行對歐元區銀行業推出了第三輪低利貸款計畫，即所謂的定向長期再融資操作 (TLTRO)。', '歐洲央行推出這些措施，完全是因決策官員削減了總體經濟的成長預測，包括 2019 年國內生產毛額 (GDP) 成長展望由 1.7% 調降至 1.1%，並暗示通貨膨脹需要更長的時間，才能達到央行略低於 2% 的目標。', '分析師指出，歐洲央行這些意外的措施，加重了投資人對經濟的擔憂，使得歐洲與美國股市下跌。']",2019/03/08 01:58,歐洲央行的意外政策行動讓全球股市冷汗直冒
29,https://news.cnyes.com/news/id/4288501,"['日產汽車 (7201-JP) \xa012 日宣布，預定在 2020 上半年，停止在英國的桑德蘭 (Sunderland) 工廠生產高級車品牌 Infiniti 的「Q30」、「QX30」兩個車款。根據英國媒體報導，該工廠的 7000 名員工當中，負責生產 Infiniti 的 250 名員工有可能受到影響。而日產在上 (2) 月，才剛決定將 X-Trail 的產線從桑德蘭移回日本。', '日產桑德蘭工廠位在英國北部，是英國境內規模最大的汽車工廠。在 2018 年時生產了約 1 萬 2000 輛的 Infiniti 車款，遠低於原先所設定的 6 萬輛目標。Q30 及 QX30 分別於 2015 和 2016 年開始在該工廠生產，到目前為止共生產了 7 萬輛。', '目前桑德蘭工廠除了生產 Infiniti 的 Q30、QX30 之外，還有生產 Nissan 的 Qashqai、Juke，及 Leaf 電動車等車款。', '由於柴油車的需求量下滑，日產去年在英國解雇了數百名工人。而將 X-Trail 的產線移回日本的部分原因，也出在市場對柴油車的需求減少所致。', '2018 年，Infiniti 在西歐市場陷入苦戰，銷量砍半只售出 5800 輛，只占該品牌全年銷量的 2%。而 Infiniti 也決定在 2020 年初退出西歐市場。', 'Infiniti 的首席發言人 Trevor Hale 表示，「西歐仍是高級車款最具挑戰和競爭的市場」。', '而在另一方面，日產計畫深耕美國及中國市場。在美國市場將聚焦在 SUV 車款；在中國市場則計畫推出 5 款新車。日產表示，Infiniti 車系將於 2021 年電動化，而柴油車款也將停止生產。', '而在其他日系車廠的動向方面，本田 (7267-JP) 在 2019 年 2 月時，決定在 2021 年停止英國斯溫頓 (Swindon) 工廠的生產；豐田 (7203-JP) 也表示未來生產線有可能撤出英國。', '英國保守黨在脫歐問題上的處理不當造成了長期的不確定性，且他們拒絕在汽車產業面臨電動化等巨大挑戰時伸出援手。']",2019/03/13 11:00,日產將停止在英國生產旗下高級車款Infiniti 明年退出西歐市場
30,https://news.cnyes.com/news/id/4295513,"['◆盤勢分析', '1. 週五為第一季最後一個交易日，台股開平高震盪走高，最高點 10,641 點逼近反彈波段高的 10,667 點，最低點 10,525 點失守 5 日線（10,552 點）及 10 日線（10,558 點）但守穩月線（10,445 點）、年線（10,438 點）、季線（10,073 點）及半年線（10,003 點），終場指數上漲 104.78 點，漲幅 0.99%，收在 10,641.04 點，成交金額為 1,214.01 億元，大於 5 日均量（1,064 億元）及 20 日均量（1,134 億元）。三大法人合計買超 109.89 億元：外資買超 65.82 億元、投信買超 1.70 億元、自營商買超 42.37 億元。', '2. 由以下三個面向檢驗加權指數方向及強弱：\n（1）、量能：回檔量縮或反彈成交量大於月均量方有利於大盤止穩。\n（2）、均線：支撐為月線附近，壓力為 10,667 點附近。\n（3）、技術指標：KD 開口向下，9 日 K 值（69）大於 50，短線偏多整理。', '3. 櫃買指數漲幅 1.15%，收在 139.57 點，以櫃買指數的線型及指標角度而言，支撐為 137 點附近，壓力為 141 點附近，KD 技術指標開口閉合，9 日 K 值（60）大於 50，短線偏多整理。近期法人著墨較深的族群包括 IC 設計、PCB、5G、PA、航太、生技等。', '4. 台股選股方向可留意 5G、PCB、工業 4.0、IC 設計、系統整合、生技、內需、越概、自行車、航太、風電、高殖利率等。', '5G、半導體、PCB、工業 4.0、高殖利率、生技相對強勢', '1.5G：長線相關需求可期，可注意通訊 5388 中磊、6285 啟碁、4906 正文、2332 友訊、3491 昇達科、2345 智邦、3596 智易、6271 同欣電及光通訊的 4977 眾達 - KY、6426 統新、3234 光環、4979 華星光、3163 波若威、3081 聯亞、3450 聯鈞、4908 前鼎等，PA 在 5G 時代用量將增加，3105 穩懋、2455 全新、8086 宏捷科、4991 環宇 - KY、4971IET-KY 等長線仍可關注，散熱 6230 超眾、3324 雙鴻、3338 泰碩、3017 奇鋐等也因 5G 而受惠，安控有機會因中美貿易轉單，3454 晶睿、3356 奇偶、8072 陞泰等有機會受惠。', '2. 半導體：晶圓製造可留意 5347 世界等，IC 封測指標為 2449 京元電、6147 頎邦等，IC 設計各擁題材，包括 4966 譜瑞 - KY、5269 祥碩、8016 矽創、3035 智原、2454 聯發科、2379 瑞昱、3034 聯詠、6462 神盾、6411 晶焱、2458 義隆電、3527 聚積、5274 信驊、3141 晶宏、3443 創意等。', '3.PCB：ABF 基板供需吃緊，相關公司如 3037 欣興、3189 景碩、8046 南電等將受惠，6552 易華電受惠驅動 IC 需求成長，5349 先豐切入車用及通訊，3044 健鼎、2367 燿華車用助攻，上游 3645 達邁的 PI 有摺疊機題材加持，2383 台光電、6213 聯茂、6274 台燿、4939 亞電也將受惠 5G 相關應用。', '4. 工業 4.0：工業自動化需求長線仍將持續成長，2308 台達電、6414 樺漢、2395 研華、6166 凌華、2049 上銀、1590 亞德客 - KY、1597 直得、6188 廣明等相對受惠。', '5. 高殖利率：股利政策近期為市場關注焦點，可留意如 6277 宏正、2404 漢唐、2886 兆豐金、台塑三寶、2204 中華、2707 晶華、2915 潤泰全等。', '6. 生技：生技業擁政策性利多，可留意包括原料藥 4119 旭富、新藥 1762 中化生、4180 安成藥、4157 太景 *-KY、1760 寶齡富錦、4123 晟德、4162 智擎、1795 美時、4147 中裕、4174 浩鼎、1701 中化、4108 懷特、6461 益得、6497 亞獅康 - KY、醫材 4107 邦特、4736 泰博、4171 瑞基、保健食品 8436 大江、1707 葡萄王、4743 合一、3205 佰研、4109 穆拉德加捷、醫美 4137 麗豐 - KY、4190 佐登 - KY、1786 科妍、6666 羅麗芬 - KY、4728 雙美等。', '7. 系統整合：軟體應用日廣，族群指標股包括 4953 緯軟、2480 敦陽、3029 零壹、3147 大綜、6214 精誠等。']",2019/03/29 16:13,【日盛投顧】年線附近為多頭重要防線
31,https://news.cnyes.com/news/id/4287462,"['瑞士信貸私人銀行大中華區副董事長陶冬，於個人部落格撰文表示，面對全球貿易放緩和英國脫歐風險，即將退休的 ECB 主席德拉吉再展鴿影，再次打開了流動性的閘門，不等問題出現就搶先出手，反映出德拉吉的幹練與強勢。以下為部落格全文：', '20K 擊落了納斯達克連升十周的記錄，引領世界風險資產價格下行。上周市場原本缺乏方向感，但是之後重大負面消息連環湧出，毒化了市場情緒。歐洲央行率先大幅下調對歐洲經濟的增長預測，中國官媒為 A 股快牛和場外配資敲響警號，中國二月份出口資料奇差，美國非農就業在二月份幾乎錄得零增長，最後聯儲主席在下調通脹目標上態度曖昧，還有美國貿易代表對貿易協定潑冷水。\n\n六道滾石齊下，令本來已經站在懸崖邊的市場跌落而下。風險意識強化之下，全球股市下跌，債市上揚，美元疲弱，石油與黃金反彈。在幾乎連續兩個月的增加風險權重之後，市場見到第一個像樣的風險回檔。', '美國二月份僅錄得 20K 的就業增長，遠遠遜於市場預測的 180K 和上期的 311K，人們對消費與經濟前景感到擔心，不過資金反應尚算理性。非農就業資料經常會有大的月度波動與修正，所以一個月的數字不宜過度解讀，目前三個月的平均數依然有 186K，其他指標如初領失業救濟、ISM 均指向經濟逐步放緩，而非斷崖式下跌。上月就業大增的行業（如建築業）這次大跌，似乎也指向波動而非趨勢。\n\n同時，時薪環比增加 0.4%，折成同比達到 3.4%，創下本週期新高。筆者認為本組資料對聯儲本月的政策決定影響不大，決策者不僅強調市場風險，還要指出經濟的下行風險，開始討論收縮資產負債表的舉動是否需要作調整，同時繼續表明對加息過程具有「耐心」。', '上周的政策意外來自歐洲央行，ECB 將今年的歐洲經濟增長預測，從 1.7% 一口氣下調到 1.1%，凸顯出歐洲貨幣當局對經濟局勢的判斷與擔憂。ECB 承諾 2020 年前不會加息，更推出 TLTRO，此舉出現之快令市場感到吃驚。歐洲一方面結束資產購買計畫，另一方面向銀行提供廉價的長期資本，前者是虛招，因為可供購買的國債數量有限，而後者是實招，因為西班牙、義大利銀行今年都有較大的資金缺口。\n\n面對全球貿易放緩和英國脫歐風險，即將退休的 ECB 主席德拉吉再展鴿影，再次打開了流動性的閘門，用長期低息貸款支持金融機構。相對於美國經濟，歐洲經濟距離衰退更近，其中不僅有週期性和外部因素的作用，也有結構性和內部需求的困難，德拉吉不等問題出現就搶先出手，反映出他的幹練與強勢，但是政策力度是否足以抵禦下行壓力則不得而知。筆者認為全球經濟的下滑速度可能比想像的更快，德拉吉的應變值得讚賞。', '\xa0', '本周記闡述作者對經濟、政策與市場的理解、認識，為個人觀點，並非投資建議或勸誘']",2019/03/10 09:29,陶冬：美國就業速凍歐洲央行快放
32,https://news.cnyes.com/news/id/4286922,"['根據 6 名現職和前任特斯拉員工的說法，雖然特斯拉 (TSLA-US) 計畫 3 月 14 日正式讓 Model Y 亮相，但現在特斯拉高層還不知道該在哪裡生產這款跨界休旅車。', '另外 2 名特斯拉供應商員工透露，特斯拉沒有通知他們一起為 Model Y 的生產工作，他們是在 3 月 3 日看到馬斯克的推特文才知道這件事，顯示特斯拉幾乎還沒有開始擬定 Model Y 的生產計畫。', '然而，馬斯克已經透露，Model Y 售價比起價 35000 美元的 Model 3 貴 10%。', '特斯拉今年稍晚也計畫公布一款電動皮卡車，Model Y 和稍晚亮相的電動皮卡車應可強化特斯拉的產品陣容，使其對抗同業的電動卡車和 SUV 車，例如擁有亞馬遜助陣的新進廠商 Rivian，以及產業老牌車廠 BMW 和 Hyundai 等均磨刀霍霍指向特斯拉的電動車領域。', '根據特斯拉員工說法，連同汽車部門總裁 Jerome Guillen 在內的特斯拉高層都還無法決定該在哪裡生產 Model Y，究竟是內華達州的大型電池工廠 Gigafactory 該分出產線，還是把加州 Fremont 工廠內的 Model S 和 Model X 產線合併起來，為 Model Y 騰出空間好。', '求證特斯拉，其發言人以一封 2 月份發給股東的信函回應，但拒絕透露 Model Y 計畫的更新細節。該信函稱，「今年我們將開始為 Model Y 打造模具，以期在 2020 年底前達到量產，最有可能會在 Gigafactory 1 工廠。」', '根據特斯拉第四季的資訊， Model Y 約莫 75% 零件與 Model 3 共享，雖然不同車款使用相同零件是車廠常見做法，因可節省開發和生產的成本，但特斯拉從來沒有兩款車共用零件比例這麼高，例如特斯拉的 Model S 和 Model X 相同零件不到 1/3。', '特斯拉員工透露，如果要在 Gigafactory 工廠打造 Model Y，就必須獲得 Panasonic 的支持，因為 Panasonic 是特斯拉的電池供應商以及 Gigafactory 工廠的主要夥伴，他們在 2014 年建立夥伴關係時便對如何管理工廠土地、建築和設施有所共識。', 'Panasonic 沒有回應置評請求。', '另一消息，特斯拉週四 (7 日) 宣布，已與中國貸款機構簽署一項協議，為上海特斯拉 Gigafactory 工廠取得高達 5.21 億美元 (人民幣 35 億元) 的 12 個月貸款額度。該工廠已於 1 月動工，特斯拉稱建造成本約 20 億美元。\n\n\xa0']",2019/03/08 07:17,Model Y該在哪生產？特斯拉高層還沒想好
33,https://news.cnyes.com/news/id/4285797,"['三陽 (2206-TW) 旗下 HYUNDAI 汽車總代理南陽實業今 (5) 日宣布年度計畫，預計全年共推逾 10 款新車，是 HYUNDAI 品牌在台最大產品上市年，南陽董事長吳清源表示，有信心全年總銷售量可達 13800 台，年增 15% ，是 5 年來新高，挑戰擠進國產前 5 名。', '吳清源為三陽董事長，現兼任南陽董事長一職後，他為南陽訂下三大目標，分別為強化研發單位的技術、建立管理制度，及所有人員落實制度，總部人員接下來要到各單位去做接地氣的工作，讓制度良好執行。', '為因應車市對於 SUV 的殷切需求，南陽已規劃最完整\xa0SUV 產品線，今年將陸續推出 Kona 2WD、Tucson 小改款、Santa Fe 大改款，以及全新車款 Palisade，其中，5 月導入 Kona 2WD ，而 Palisade 是旗艦 LSUV，預計第 4 季上市', '南陽總經理徐伯達進一步指出，今年是南陽「質變年」，現行車款將全面進入新世代改款，已排定接續國產或進口導入時程，全新 Veloster 確定將於 5 月重返國內市場，且將於下半年導入 N Performance 性能車系、EV 電動車，持續補強不同級距車款。', '另一方面，全新 B-CUV 預計明年上市。', '商用車方面，市場熱銷的柴油小霸王 Porter 將於 7 月新增雙廂車型，商旅 Grand Starex 也將開發露營車和福祉車等衍生產品，以因應戶外休閒風潮，由於 Grand Starex 價格預計訂在 150 萬元以內，預料將極具競爭力。', '另一方面，南陽計畫今年完成全台 50 間據點升級，並導入快保服務、提供 24 小時預約回廠機制等，目前已完全大都會區共 20 個據點新開幕。']",2019/03/05 19:13,〈車市〉HYUNDAI迎最大產品上市三陽旗下南陽拚年銷台數增15%
34,https://news.cnyes.com/news/id/4289056,"['【撰文／王榮旭】', '股市有預測的功能，今年以來美國道瓊指數大漲 2400 多點，幾乎把去年 Q4 大跌點數全漲回，去年跌最慘的中國上證指數也大漲超過 2 成，最近美中貿易協議頻傳好消息，去年來困擾全球股市的貿易戰有機會告一段落，市場回歸基本面，台股上市大盤從年初最低 9319 漲到 2 月底 10416 大漲千點，拉回月線整理不足為奇，還好這波千點行情，籌碼尚屬安定，融資餘額不增反減，反倒是融券餘額增加，可見內資相當保守，只要外資沒撤，大盤還會再次挑戰年線，時值個股 2 月營收及年報陸續公佈，個股反應財報走勢分歧，2 月營收因為工作天數少，就連台股三王台積電、鴻海及大立光都比元月營收大幅衰退，但比去年同期台積電及鴻海也衰退，大立光卻逆勢年增 14％，可見大立光業績已甩開蘋果 iphone 銷售失色的影響，來自三星及中國品牌手機新品訂單正在填補空缺，而智慧手機多鏡頭趨勢正在快速形成。', '法人大買大立光及玉晶光', '今年上半年三星、華為、OPPO 及 Vivo 都陸續推出搭載三鏡頭的新機，這些品牌手機年銷量佔全球智慧手機已過半，估計蘋果下半年推出的新 iphone 是必也得跟上這股多鏡頭潮流，大立光是 2000 萬畫素鏡頭主要供應商，今、明年 3 鏡頭滲透率快速提升，受惠程度最大，去年大立光 EPS 181.67 元，估計今年 EPS 200 元起跳，全年 EPS 挑戰歷史新高，這波不隨大盤回測月線，逆勢走高頻創波段高點，推向 5000 元大關，今年外資回補 2000 多張，目前法人買超趨勢還是不變，似乎還有高點，畢竟今年獲利拼創新高，是否挑戰前年最高價 6075 元？', '大立光越走越高，等於把鏡頭股的天花板提高了，二線光學股比價空間拉大，前期看好玉晶光 (3406) 在年線 325 元附近橫向整理後，可望隨大立光走高，玉晶光今年來外資投信聯手大買 8000 張，股價大漲翻倍，券資比目前還高達近 5 成，若突破盤整區，可望再軋一段空頭，券資比較高的二線光學股新鉅科 (3630) 及揚明光 (3504) 也可留意。', '\xa0', '來源：《萬寶週刊》 1324 期\n更多精彩內容請至\xa0《萬寶週刊》']",2019/03/14 13:49,大立光掀鏡頭股軋空行情
35,https://news.cnyes.com/news/id/4289971,[],2019/03/18 08:29,[表二2]台灣集中市場成交金額前30名
36,https://news.cnyes.com/news/id/4290425,[],2019/03/19 08:31,[表三8]台灣店頭市場股價創新高
37,https://news.cnyes.com/news/id/4287409,"['輪胎大廠南港 (2101-TW) 受惠今年本業營運增溫可期，加上業外可望有股權收益進補，今年營收與獲利增幅估可達雙位數，帶動近期股價轉強，本周頻頻創波段新高，周五 (8 日) 一度站上 30 元關卡，終場以 29.75 元作收，股價周漲逾 6%，並創 2017 年 4 月以來新高價。', '南港去年受到美國制裁伊朗，及美國主要合作夥伴 ATT 出現財務問題影響，加上中國輪胎廠倒閉前倒貨，擾亂市場秩序，且新車市場未成長，輪胎業表現普遍不佳，使去年營收與獲利雙衰退，為近 6 年來最差表現。', '不過，去年產業普遍低迷之際，轉機也同時浮現。中國輪胎廠共倒閉 36 家，影響年產量超過 4000 萬條，在市場秩序獲重整之下，供需情況將改善。此外，目前包括美國、德國客戶都與南港接洽中，南港有機會取得新訂單，受惠這波產業重整潮。', '展望今年，名譽董事長林學圃表示，透過產品組合調整，今年毛利率表現優於去年，也將持續開發電動車胎等高價值新品，並調整產品組合，今年將重回高獲利成長時代。且業外收益可望有股權收益進補，法人預估，南港今年營收與獲利年增幅可望達雙位數。', '\n\xa0']",2019/03/09 12:14,熱門股—今年營收、獲利年增幅可期南港股價創23個月新高
38,https://news.cnyes.com/news/id/4289562,"['遊戲化 (Gamification) 一詞為近兩三年來大家所重視的新方法，Gamification 單字在谷歌搜尋上的增加可以看出它熱門程度。遊戲化是指在非遊戲的領域中，採用遊戲設計元素或機制，來強化人們的感覺、動機和投入程度的誘因。', '隨著智慧手機和行動設備數量的成長，為遊戲化市場創造了更廣闊的基礎。人們越來越多地體認到遊戲化系統可作為一套構建人類行為的方法，用來促進創新、生產力或增加參與和體驗。遊戲化系統的使用也逐漸超出了傳統的行銷範圍。據一項研究報告顯示，2018 年全球遊戲化市場價值達 55 億美元，在 2019-2024 年間的年複合成長率預估為 30.31%。', '在遊戲化市場中，零售類別的成長速度最快。零售遊戲化是一種電子商務趨勢，正在以驚人的速度增長。自 2012 年以來，零售類別的銷售一直呈現穩步成長。遊戲化為零售商的行銷方式帶來更多的娛樂和戲劇性以吸引消費者或用戶，但不會轉移業務的核心理念。事實證明，遊戲化應用增進零售商的銷售額，也吸引更多的客戶進入商店，讓消費者與品牌進行互動。', '從地區上來看，北美擁有最成熟的遊戲化市場，也持續開發創新應用。網路和智慧手機在該地區的高滲透率也帶來更多遊戲化的行銷和應用，特別是通過社交媒體平台。這些遊戲化系統平台旨在與消費者群體互動並同時進行行銷互動。預期在該地區將會見到遊戲化系統的企業級解決方案，並持續往更先進的技術發展。', '公司應用上來看，自從遊戲化市場開展以來，許多公司都進行了遊戲化相關計劃與專案。其中包括 Adobe、Walgreens、eBay、Panera 和 Threadless 等消費性品牌。B2B 公司來看，甲骨文、思科和 Salesforce 等公司也已將遊戲化做為企業戰略消費化的關鍵要素之一。', '研究顯示，遊戲化有助於企業提高客戶的參與度和忠誠度達 30%。除此之外，遊戲化所帶來的營收效應也令人印象深刻。', '美國跨國軟體公司 Autodesk 透過遊戲化讓消費者的試用率提高了 40%，轉化率提高了 15%，而 Extraco Bank 的客戶獲得也提高了 700%。', '此外，遊戲化也適用於企業內部獎勵機制。LivingSocial 公司將遊戲化解決方案取代了可怕的年度個人評估，有超過 90% 的員工自願參與。其他公司，比如 Target，通過遊戲化來提高員工吞吐量和滿意度，同時降低成本。']",2019/03/17 13:00,〈鉅亨看世界〉擴展中的遊戲化市場
39,https://news.cnyes.com/news/id/4289554,"['根據《彭博社》報導，北韓方面正在考慮，暫停與美國的無核化協商，並稱「無意對美方讓步」；據悉，北韓領導人金正恩，將對此事發表聲明。', '上個月，美國總統川普和金正恩於越南舉行「川金二會」，最後卻以破局告終，導致朝鮮半島局勢，面臨更多不確定性。', '《彭博社》引述俄羅斯《塔斯社》報導，稱北韓外務省副相崔善姬今 (15) 日於記者會中表示，「我們無意對美方讓步，繼續協商的意願也不高。」', '對於是否會繼續暫停核導試驗，崔善姬指出，北韓仍在考慮中；她也說，金正恩很快就會發表聲明，宣布「川金二會」破局後的進一步行動。', '中國國務院總理李克強週五於人大閉幕記者會中強調，中國始終堅持朝鮮半島無核化，此立場從未改變；朝鮮半島問題錯綜複雜，非短時間內可解決，必須保持耐心。']",2019/03/15 14:19,擬暫停無核化協商北韓：我們無意對美國讓步
40,https://news.cnyes.com/news/id/4286833,"['力晶集團執行長黃崇仁今 (7) 日在台灣 RISC-V 聯盟啟動儀式會後受訪時表示，看好美中貿易談判可望有一定程度的緩和或停戰，待庫存去化完成後，DRAM 產業景氣將在本季落底，第 2 季可望逐步回溫。', '對於記憶體市況，黃崇仁指出，先前 DRAM 市況受到衝擊，主要來自手機需求趨緩的影響，另一方面，陸廠庫存水位偏高、現金流不佳，在需求減緩下，只能持續去化庫存。', '黃崇仁認為，3 月 27 日川習會結束後，因雙方都無法承受再一次的談判失敗，美中貿易談判可望有一定程度的緩和或停戰，屆時待庫存去化完成後，可望帶動需求回溫。整體市況而言，他認為，DRAM 產業景氣將在本季落底，第 2 季可望逐步回溫。', '為協助台灣產業邁入 AIoT(人工智慧 + 物聯網) 時代，並從嵌入式 CPU 開放架構切入商用市場，由台灣物聯網產業技術協會 (TwIoTA) 理事長黃崇仁發起，與力晶、智成、神盾、晶心、聯發科、瑞相、力積電、力旺、嵌譯等發起企業協助下，今日舉辦台灣 RISC-V 聯盟啟動儀式。']",2019/03/07 20:05,黃崇仁：DRAM產業Q1落底Q2可望回溫
41,https://news.cnyes.com/news/id/4287950,"['根據中國汽車工業協會 (中汽協) 公布最新汽車銷售數據顯示，中國 2 月份乘用車銷售量 121.95 萬輛，年減 17.4%，月減 39.6%，降幅與上個月幾乎相同，同時，銷售量也是連續第八個月出現衰退。', '中汽協公布的數據與上周五中國乘用車市場信息聯席會所公布的相當。兩大汽車協會均顯示中國汽車消費市場產銷均出現明顯衰退。', '從中汽協公布汽車銷售類別來看，只有新能源車銷售表現依舊亮眼，其產銷分別達 5.9 萬輛和 5.3 萬輛，年增分別為 50.9% 及 53.6%。', '至於其它四大類別的汽車銷售量年率及月率均出現較大幅度的下滑，其中，基本型乘用車（轎車）銷售年減 14.4%；運動型多用途乘用車（SUV）銷售年減 18.6%；多功能乘用車（MPV）銷售年減 27.2%；交叉型乘用車銷售年減 16.7%。', '從整體產銷情況來看，中國 2 月汽車總生產 140.98 萬輛，年減 17.4%；銷售 148.16 萬輛，年減 13.8%。其中，乘用車生產 114.03 萬輛，月減 42.9%，年減 20.8%；銷售 121.95 萬輛，月減 39.7%，年減 17.4%；商用車生產 26.95 萬輛，月減 27.2%、年增 1%；銷售 26.21 萬輛，月減 24.3%，年增 8.0%。', '從累計數據來看，1-2 月份，汽車總產銷分別達 377.65 萬輛和 385.15 萬輛，年減分別為 14.1% 和 14.9%；其中，乘用車累計銷售量為 324 萬輛，年減 17.5%。', '中汽協認為，2 月份受市場低迷和春節假期的影響，汽車產銷量水準偏低，一方面主要是產業謹慎因應經濟下滑壓力，另一方面降低生產節奏減輕終端銷售壓力。', '此外，中汽協數據顯示，1-2 月，汽車銷量排名前十大的集團汽車銷售量合計達 345.3 萬輛，年減 14.9%，與產業降幅基本相當；前十大的集團汽車銷售量占汽車銷售總量的 89.6%，略高於去年同期。\n\xa0']",2019/03/12 09:57,中汽協：中國2月份汽車銷售衰退17% 新能源車表現一枝獨秀
42,https://news.cnyes.com/news/id/4291218,"['從事殯葬禮儀服務業萬安生命總裁吳珅篁，今（20）日親自出面指出，在萬安生命已經持有華建 (2530-TW)41% 股權之下，將結合其他盟友發動華建召開股東臨時會，並提前進行華建的董監改選；不過，吳珅篁並沒有對於此規劃提出時間表。', '同時，吳珅篁也再三強調，此舉絕非是萬安生命機構要借華建的殼上市，只是希望能為華建的營運取得改善，如有可能，也將循與目前經營階層坐下來「面對面」尋求解決問題，也可以不必鬧到以運用公司法修正案的「大同條款」來召開股東臨時會改選董監事。', '吳珅篁強調，萬安生命持有華建的股權 10 年，也希望華建在危老住宅改建、都市更新方面有所發揮。', '華建已揭露去年稅後虧損 1.14 億元，以期末股本計算，每股約虧損 0.422 元，華建在 3 月 13 日董事會決議擬對去年股利配發每股 0.1 元現金股利，股東會訂 6 月 5 日召開；吳珅篁強調，以萬安持有 41% 華建的持股比例，在會前並未收到知會，顯然華建對於大股東不尊重。', '同時，吳珅篁也指出，依華建目前對於土地資產的開發速度也太緩慢，自己當然要出面為股東的權益說話。', '不過，華建發言人副總李俊賢指出，華建董事會的議程已依規定通知董事，至於公司在土地的開發案進行，則依照手中的即有資金狀況進行開發，當然前一個個案結束後，依序進行後續的開發動作。', '針對吳珅篁今日親自出面的說法，李俊賢表示，華建也將其視為股東的權益，所以予以充分的尊重。', '除了華建，萬安生命也持有全坤興 (2509-TW)20% 的股權，也是看好其在都更及海外的西雅圖、越南的地產開發計畫。']",2019/03/20 19:17,萬安要用「大同條款」讓華建提前董監改選
43,https://news.cnyes.com/news/id/4288417,"['中國媒體報導，科創板各項準備工作正在以超預期速度推進，已有投行在 3 月 12 日收到上交所通知，將在今 (13) 日 13:00～16:00 進行科創板發行上市申請文件提交與受理程序的集中測試演練。', '這份通知還透露，在科創板發行上市申請文件提交與受理系統測試完畢後，3 月 18 日起正式受理各投行對科創板項目的申報。', '上交所表示，為做好科創板並試點註冊制的準備工作，方便各保薦機構儘快熟悉科創板股票發行上市審核系統，並測試審核系統性能，上交所科創板上市審核中心規劃進行審核系統集中測試演練。', '此外，科創板實行申報全程電子化，從項目申報、受理、反饋、再反饋、審核等，全部無紙化，這與在其它主板上市有所不同。', '同時，從 3 月 15 日起，審核系統不再接受系統試用。3 月 18 日起，審核系統將正式開始作業，所有通過審核系統提交的文件，都將被視為正式的科創板股票發行上市申請文件。', '若依照相關流程推薦的時間規定，受理審核期限為 3 個月，意味著第一批科創板通過審核的時間最早將出現在 6 月中旬。如果中國證監會上市審核過程迅速，上半年科創板就有機會推出。', '根據第一批上線科創板權限開通功能的券商反映，雖然能在科創板交易的一般投資人有人民幣 50 萬的資金門檻限制，但以目前熱絡的開戶數量來看，整個科創板在初期開戶數可能超過 300 萬戶。\n\xa0']",2019/03/13 08:28,〈科創板近了〉進度超前！ 3月18日科創板開始受理上市申請
44,https://news.cnyes.com/news/id/4289685,[],2019/03/15 16:25,台灣集中市場投信買賣超前30名
45,https://news.cnyes.com/news/id/4291168,"['日本政府在週三 (20 日)，在與每月例行經濟報告有關的關係閣僚會議中，將日本景氣的綜合判斷，自 2016 年 3 月事隔 3 年後，再度進行下修。由上個月的「緩慢回復當中」，下修為「雖然在部分出口及生產呈現疲軟，緩慢回復當中」。', '日本政府的這個動作也反映出由於中國經濟趨緩，出口成長放緩，企業在生產活動上出現疲態。日本政府意識到出口及生產的疲軟，對於未來展望的看法是「在當前，有部分仍然疲軟」。', '在另一方面，占日本 GDP 七成的個人消費及設備投資則是穩健依舊，在此次每月例行經濟報告的基本判斷上，仍然維持先前「緩慢回復當中」的看法。', '在出口方面的看法上，認為「目前有些疲軟」，維持先前的看法。因出口到中國的表現不佳，自 2019 年 1 月下修之後已經是連續 3 個月沒有出現變動。', '在生產方面，因為出口表現變差，影響了製造設備及電子零件與裝置的生產，認為「雖然部分呈現疲軟，大致上持平」，連續 2 個月進行了下修。', '而在日本國內的需求方面，在參考消費回復以及設備投資增加的情形，在看法上與先前維持相同。日本內閣府高層，對於日本當前進入二次戰後最長的景氣回復期，在是否會持續下去的看法上表示「認為沒有中斷」。', '對於其他國家的景氣看法上認為，「在亞洲與歐洲當中雖有出現疲軟，整體上是緩慢的回復當中」。在亞洲國家的景氣判斷當中，只對印度進行下修；而對中國的看法則是連續 3 個月停留在「緩慢的減速當中」。']",2019/03/20 18:40,景氣差！事隔3年後日本再次下修景氣綜合判斷
46,https://news.cnyes.com/news/id/4289048,"['上週五公佈美國２月非農就業數據只增加二萬人，遠低於預期，且創 17 個月新低，ECB 會議歐洲央行行長德拉吉表示地緣政治、保護主義、新興市場脆弱三項因素，將 2019 年經濟成長率預期從去年 12 月的 1.7% 下修至 1.1%，通膨預期從 1.6% 下調為 1.2%，並宣佈自今年 9 月展開第三輪 TLTRO 定向長期再融資操作。', '如果央行的貨幣政策像是吃奶嘴的話，那這意味著奶嘴不能拔，貨幣還要繼續寬鬆下去，全球經濟同步放緩的跡象逐漸增多，最近包括美聯儲局、ECB、日本央行、加拿大央行、澳大利亞聯儲及中國人行的貨幣政策都有轉” 鴿” 的味道。', '地緣政治方面，英國脫歐仍存在變數、中美貿易談判可能與川金會有著相同的結局，雖有談判但無簽署協議，這也意味著關稅戰在短期內不會完全取消，由於關稅戰實際上等同於匯率戰，關稅若沒有太大的改變，則貨幣的強弱又將回顧到寬鬆大戰，比較起來，美元仍然略微暫有優勢的，觀察美債與美元的互動關係，3/4 日美債與美元同漲，債券與殖利率呈現反向關係，美債漲，代表殖利率跌，美元卻不跌反漲，顯示外部因素比美國內部因素更為疲弱，中美的元首級談判又延後，除非中美雙方「意外的」簽署協議將關稅全部撤銷，才會造成美元有轉弱的風險。']",2019/03/14 12:49,〈群益期貨〉關於匯率，這是一場比爛蘋果的比賽
47,https://news.cnyes.com/news/id/4285730,"['PCB 廠泰鼎 - KY (4927-TW) 今 (5) 日召開董事會，通過 2018 年財報，營收及獲利同創高，稅後純益 8.33 億元，年增 9.61 倍，每股純益\xa05.45 元，泰鼎擬對於去年盈餘配發\xa02.556 元現金股利，股東會訂 6 月 5 日召開。泰鼎今年股東會中，並將進行董監改選。', '泰鼎 2018 年營收 111.75 億元，創新高，毛利率 16.29%，年增 5.86 個百分點，稅後純益 8.33 億元，年增 9.61 倍，每股純益\xa05.45 元，董事會決議去年盈餘配發率為 55.85%。', '泰鼎主管指出，上一年並沒有配發股利，以往的盈餘配發率也在 40-50% 之間，今天董事會決議，每股配發 2.556 元現金，配發率\xa055.85%，相對歷年盈餘配發率而言，算是高配發率。', '泰鼎看好未來汽車、3C 電子市場成長性，對趨勢不悲觀，預計明年起 5 年內總計將投入 40 億元資本支出擴充產能，明年將先投入 6 億元，擴充產能掌握未來商機。', '目前的泰鼎全產能已擴充到每月 480 萬呎，泰鼎執行長周瑞祥指出，泰鼎 2019 年的資本支出將達 6 億元，主要擴充與更新內層、鑽孔機、光學檢測設備，未來將分年擴充 200 萬呎產能，擴充首期 70 萬呎新產能，將在 2021 年的第 1 季起分 3 年開出。']",2019/03/05 17:01,PCB廠泰鼎去年營收、獲利雙創高EPS 5.45元
48,https://news.cnyes.com/news/id/4291139,[],2019/03/20 16:19,台灣集中市場投信近3日買賣超前30名
49,https://news.cnyes.com/news/id/4289991,[],2019/03/18 08:30,[表四1]台灣集中市場前10大進出券商當日買賣超比前30名個股
50,https://news.cnyes.com/news/id/4291223,"['跨境電商業者台灣樂天市場今 (20) 日宣布，攜手東森集團旗下香港美妝電商草莓網，打造台日港連線跨境美妝平台，而藉由此次合作，樂天市場也成為草莓網在台灣第一個合作的電商通路平台。', '草莓網主打國際美妝全球直送，主要販售護膚、美妝、香水和頭髮護理等商品，旗下有超過 800 個品牌和 33000 種產品，由 16 個國家、155 個獨立供應商提供美妝產品，服務範圍涵蓋 200 多個國家，在進駐台灣電商平台後，東森草莓網樂天店上架商品達 2 萬件。', '由於近年消費者對美妝越來越重視，據經濟部統計處指出，去年藥妝零售營業額上看 2000 億元，台灣樂天指出，美麗商機成長空間龐大，目前樂天市場站上「美妝」、「彩妝」和「保養」品項數超過數萬件、業績每年翻倍成長，占全站業績高達 20%。', '而為了與其他平台做出差異化，台灣樂天也積極經營樂天點數生態圈，可橫跨樂天 Travel、Kobo、Pickup 等使用，消費者也可依不同比例兌換成日本樂天超級點數、OPEN POINT 和亞洲萬里通點數等多達 9 種點數兌換方式。', '草莓網日前由東森購物以 10.6 億元收購，取得其 76% 股權，是東森集團搶進國際跨境電商市場的重要平台。']",2019/03/20 19:30,東森草莓網攜手台灣樂天打造台日港連線跨境美妝平台
51,https://news.cnyes.com/news/id/4289820,"['第20款', '1.標的物之名稱及性質（如坐落台中市北區ＸＸ段ＸＸ小段土地）:', '桃園縣中壢市中工段1571地號與內壢段3761地號之2筆土地及其上建物不動產', '2.事實發生日:108/3/15~108/3/15', '3.交易單位數量（如ＸＸ平方公尺，折合ＸＸ坪）、每單位價格及交易總金額:', '土地面積:43,274平方公尺(13,090.385坪)', '建物面積:47,378.3平方公尺(14,332坪)', '交易總金額:不適用', '4.交易相對人及其與公司之關係（交易相對人如屬自然人，且非公司之關', '係人者，得免揭露其姓名）:', '不適用', '5.交易相對人為關係人者，並應公告選定關係人為交易對象之原因及前次移轉之', '所有人、前次移轉之所有人與公司及交易相對人間相互之關係、前次移轉日期', '及移轉金額:', '不適用', '6.交易標的最近五年內所有權人曾為公司之關係人者，尚應公告關係', '人之取得及處分日期、價格及交易當時與公司之關係:', '不適用', '7.預計處分利益（或損失）（取得資產者不適用）（遞延者應列表說明', '認列情形）:', '不適用', '8.交付或付款條件（含付款期間及金額）、契約限制條款及其他重要約定', '事項:', '不適用', '9.本次交易之決定方式（如招標、比價或議價）、價格決定之參考依據及', '決策單位:', '不適用', '10.專業估價者事務所或公司名稱及其估價金額:', '不適用', '11.專業估價師姓名:', '不適用', '12.專業估價師開業證書字號:', '不適用', '13.估價報告是否為限定價格、特定價格或特殊價格:否或不適用', '14.是否尚未取得估價報告:否或不適用', '15.尚未取得估價報告之原因:', '不適用', '16.估價結果有重大差異時，其差異原因及會計師意見:', '不適用', '17.會計師事務所名稱:', '不適用', '18.會計師姓名:', '不適用', '19.會計師開業證書字號:', '不適用', '20.經紀人及經紀費用:', '不適用', '21.取得或處分之具體目的或用途:', '活化資產及充實營運資金', '22.本次交易表示異議之董事之意見:', '無', '23.本次交易為關係人交易:否', '24.董事會通過日期:', '民國108年3月15日', '25.監察人承認或審計委員會同意日期:', '不適用', '26.本次交易係向關係人取得不動產或其使用權資產:否', '27.依「公開發行公司取得或處分資產處理準則」第十六條規定', '評估之價格:不適用', '28.依前項評估之價格較交易價格為低者，依同準則第十七條規', '定評估之價格:不適用', '29.其他敘明事項:', '董事會授權董事長辦理後續之相關事宜，待交易對象及價格確定後，另行公告之。']",2019/03/15 18:00,廣運:公告本公司董事會決議預計出售不動產之相關資訊
52,https://news.cnyes.com/news/id/4288522,"['在日前摩根士丹利看好中國 A 股前景，並將 MSCI 新興市場指數目標上調 8% 後，摩根士丹利再發布看好中國 A 股市場的報告，指稱中國股市目前尚未「過熱」，預期還有 15% 的上漲空間。', '即使上周五 (3 月 8 日) 中國指數出現大幅回檔，但大摩仍認為應無損目前 A 股牛市格局。此外，大摩策略師 Laura Wang、Jonathan Garner 和 Corey Ng 表示中國股市的牛市將會持續，離過熱程度還有一大段距離。', '大摩利用九個指標追踪中國股市的市場情緒，這些指標包含保證金交易、新註冊投資者數量、成交量、相對強弱指標、漲停股數量和收益修正等。這些指標會在上升至 80% 左右時發出警訊。', '大摩表示目前指標顯示市場情緒處於「興奮」狀態的 51%，而 2015 年泡沫時期的高峰指標則為 100%。', '大摩重申對 A 股的加碼建議，他們將 2019 年底滬深 300 指數目標位維持在 4300 點，意味著周二收盤價還有將近 15% 的上漲空間。', '不光是大摩看好中國股市，高盛同樣也出具報告表示，如果中國股市的樂觀情緒重回 2018 年 1 月時的高點，高盛認為 A 股仍有 15% 的上漲空間。如果市場樂觀情緒能夠回到 2015 年 6 月時的高點，那麼 A 股則有機會出現 50% 的漲幅。', '相比之下，法國巴黎銀行的觀點較為謹慎，將 A 股現階段的牛市形容為「瓷器牛」，主要因為「China」一詞一語雙關。而法國巴黎銀行指稱牛市已經來到中國了，但瓷器易碎，要小心。']",2019/03/13 11:20,大摩、高盛看好中國A股牛市情行巴黎銀行則謹慎以對
53,https://news.cnyes.com/news/id/4286581,"['亞馬遜 (AMZN-US) 週三 (6 日) 表示，該公司將自 4 月起陸續關閉其在美國的所有 87 個快閃店。', ""亞馬遜在全食超市 (Whole Foods) 店內、Kohl's (KSS-US) 百貨商店和美國各地的商場內設有快閃櫃位，讓消費者可以親身試用亞馬遜產品，像是 Fire 平板電腦、Kindle 電子閱讀器、Echo 智慧揚聲器，以及亞馬遜服務，如 Prime Video、Audible 和 Kindle Unlimited。"", '亞馬遜發言人表示，「在整個亞馬遜網絡中，我們會定期評估我們的業務，以確保能夠就如何最好地為客戶提供服務做出深思熟慮的決策。」', '亞馬遜發言人指出，「經過多次審核，我們決定終止我們的快閃櫃位自助服務，而是擴展亞馬遜書店和亞馬遜四星店，以提供更全面的客戶體驗和更廣泛的選擇。」', '亞馬遜的四星級商店讓客戶瀏覽並試用在其網站上銷售的一些產品，這些產品被客戶評級為四星級以上。該公司表示今年將開設更多的四星級商店和其他亞馬遜書店。', '該公司還計劃在全美開設數十家新的雜貨商場，今年稍後某個時點將在洛杉磯開設第一家。', '關閉快閃店不會影響無收銀機的 Amazon Go 商店。根據《Bloomberg》在 2018 年 9 月的一份報導，亞馬遜已考慮在 2021 年前開設多達 3000 家 Amazon Go 店面。']",2019/03/07 13:20,亞馬遜4月起陸續關閉全美87家快閃店改拓展書店及4星店
54,https://news.cnyes.com/news/id/4284995,"['3 月 4 日推介 - 中信證券（6030）', '1）上週五港股市況總結：受 MSCI 落實把 A 股納入因子上調至 20% 和 A 股大漲的利好消息刺激，最終恆指報收 28812 點，上升 178 點並結束 3 連跌。全日成交按日下跌約 10% 至 1088 億。滬深港通總成交額則按日上升約 19% 至 150 億，流向仍是淨流出，金額約 5.9 億。北向則仍是淨流入，金額微升至約人民幣 30 億。藍籌 36 升 14 跌。\n\n板塊方面，中資券商、內險、內房（特別是大灣區公司）、家電、汽車、水泥、半導體及中資電訊股表現較好。A 股相關 ETFs 也活躍。兩隻剛上市不久的公司，包括冠轈（1872）及嘉藝（1025）更瘋狂上漲。相反，走勢較弱的是本地地產股。做空方面，佔大市成交急升至 15.4%，為 2 月 4 日後的新高。牛熊証街貨最新比例為 58:42，重貨區方面，熊証上移至 29400-29449，牛証則不變在 28400-28449。', '簡評：恆指上週五大部分時間呈拉据局面，縱使 A 股在午後大漲，港股最終不足 200 點的升幅也不見得太突出；兩隻重磅藍籌騰訊（700）及滙豐（5）表現也平平無奇，而資金明顯地流向內險、中資券商及港交所（388）等 MSCI 調升 A 股納入因子受惠股。由於 MSCI 的消息是在開盤前已公佈，而 A 股卻是在下午才抽升，是憧憬兩會有利好消息，還是有春江鴨子偷步於中證監和上交所上週五深夜正式發布的科創板規則正式落地（見點 3）？', '筆者認為是科創板消息偷步居多；亦覺得今天上證有力承接上週五的強勢而上破 3000 點。留意川普在週六又發炮指他不喜歡現時的強美元，人民幣如因此走強或更利股市。週末也看見兩間美資大行不約而同地唱好 A 股。至於港股，上週五夜期及 ADR 均下挫，但若上證能造好，再挑戰 29000 點絕不為奇，熊証街貨在 29000-29549 的數量也不少，屠熊誘因也不可小覷。再看上週五其他港股的指標，做空率大幅上漲，成交額在 MSCI 調整日竟不升反跌，南北向資金流則無大變化，250 天線也沒有受考驗，看似仍是待變格局。', '板塊方面，中資劵商股又是必然之選；規模較大的和有豐富保薦人經驗的，應會更受惠於科創板這消息。海通（6837）、中信（6030）及中金（3908）又可留意。當中，中信上週五的升幅較少，今天有機會在板塊中跑出。兩會消息面上暫不見有甚麼新意；反而，兩會新聞中心首次使用「5G+4K」技術進行新媒體移動直播，即使用 4K 攝像機攝像然後再通過 5G 手機的 5G 網絡將視頻流傳輸出去，而本次直播使用的 5G 手機正是中興（763）剛剛發佈的中興天機 Axon 10 Pro，且看這會否提供炒作空間。至於半新股上市後的瘋漲，以往也有不少例子，最終的結果也不用筆者多說。', '2）加拿大司法部在上週五 3 月 1 日發出授權進行書，正式啟動華為太子女孟晚舟引渡到美國的程序。孟晚舟將會在下週三（6 日）於卑詩省最高法院提堂，到時法庭會正式落實司法部已發出授權進行書，並就引渡聆訊定下日期，而孟晚舟在整個引渡程序進行期間將以現有條件繼續保釋。司法部指出，引渡聆訊並非審訊，也不會裁定孟晚舟是有罪或無辜。（雅虎香港）', '3）中證監和上交所正式發布，實施設立科創板並試點註冊制相關業務和配套指引，並且明確紅籌企業上市標準 。今次是易會滿簽發的首份主席令。上海證券交易所亦發布相關配套業務規則，著重調整和優化的制度主要包括：（1）進一步明確紅籌企業上市標準 ；（2）進一步優化股份減持制度 ；（3）進一步明確信息披露審核內容和要求；（4）進一步合理界定持續督導職責邊界。\n\n申請在科創板上市的條件包括：（1）符合中國證監會規定的發行條件；（2）發行後股本總額不低於人民幣 3000 萬元；（3）公開發行的股份達到公司股份總數的 25% 以上； 公司股本總額超過人民幣 4 億元的，公開發行股份的比例為 10% 以上；（4）市值及財務指標符合規則規定的標準（5）上交所規定的其他上市條件。\n\n有分析師認為，科創板規則有 3 個重大突破：1，允許尚未盈利的公司上市；2，允許不同投票權架構的公司上市；3，允許紅籌和 VIE 架構企業上市。更重要的是，對科技創新企業具有更高的包容度，將優先支持符合國家戰略、擁有關鍵核心技術、科技創新能力突出，具有較強成長性的企業。（經濟日報）', '4）美股上週五市況總結：白宮經濟顧問庫德洛表示中美達成歷史性的貿易協議近在咫尺，美國財長姆努欽則稱中美雙方正敲定長達 150 頁的詳細貿易協議，而美國據報正為最終貿易協議做準備，中美兩國元首或在幾周內簽署。消息刺激美國三大指數上週五上漲，當中道指數上升 110 點或 0.43%，標及納指則分別上升 0.69% 和 0.83%。美滙指數回升至 96.44，十年期債息上升至 2.759%。紐約期油下跌約 2.5% 至 55.75 美元。港股 ADR 下跌 111 點，相當於恆指 28701 點水平。', '5）個股訊息：國美零售（493）預料，截至去年底止，全年虧損 42 億至 49 億元（人民幣，下同），2017 年同期虧損 4.5 億元。虧損擴大，主要因為預期去年銷售收入按年下滑約 10%，導致綜合毛利減少、經營費用增加，以及財務成本仍處於較高水平。另外，公司把部分經營未達預期的業務進行商譽減值，金額預期將在 16 億至 22 億元。（信報）', '京信通信（2342）預期，截至去年底止，全年將錄得虧損，2017 年則錄得盈利 2737.3 萬元。去年轉盈為虧，主要是為即將推出的 5G 網絡作準備，加大相關研發投入導致研發成本增加；期內進行內部架構重組及員工優化，產生一次性重組及優化費用；非全資附屬積極鋪設老撾 4G 網絡，以致相關投資及費用增加。公司指，對電訊業尤其是即將推出的 5G 網絡，於中國內地及全球市場的增長機遇仍然感到樂觀。（NOW 財經）', '\xa0', '了解更多港股資訊動態，請見香港鉅亨證券：www.anuesec.com', '香港鉅亨證券策略長，從事港股研究超過18年，曾是多間香港證券商的研究部主管，對香港上市公司有深入認識。策略長每天會為大家分析及推斷當天港股走勢，望為大家帶來財富。']",2019/03/04 08:06,【馮冠華專欄】A股強勢，港股受惠？
55,https://news.cnyes.com/news/id/4286489,"['IoT 物聯網時代，網路應用服務多元，從民生、教育、文化、交通乃至健康醫療等均包含在「智慧城鄉」範疇內。致力於成為最值得信賴的 ICT 資通訊公司的中華電信 (2412)，推出串聯醫、病、雲的「健康雲服務」，提供「基本型」、「量測型」兩種方案。 有鑑於三高患者逐漸有年輕化趨勢，儼然已成為全民健康議題，中華電信結合醫療設備業者及醫療院所，在三年前即獲得經濟部「A + 企業創新研發淬鍊計劃」專案補助，推廣智慧照護等創新應用，今再度攜手台北三軍總醫院、聯新國際醫院、台中童綜合醫院、高雄國軍總醫院左營分院、花蓮慈濟等醫院夥伴，合作構建智慧健康管理系統，打造「健康雲」服務。\n\n中華電信表示，「健康雲」平台，係提供一般民眾可將量測資料上傳至個人專屬雲端空間，隨時掌握自己三高指數變化趨勢，個人健康存摺可協助醫護人員全盤掌握病患病情與快速綜合診斷，減少就醫時間及費用，也提供病患可授權親友遠端關懷與提醒功能。\n\n針對民眾不同需求，健康雲提供兩種方案：「基本型」係整合個人基本資料、三高等慢性病管理、及醫療院所就診照護紀錄，讓民眾可隨時隨地透過多螢介面查看數據，掌握自己與家人的健康狀況；「量測型」則是透過血壓計或血糖機等設備，將量測數據一鍵上傳雲端，提供「衛教諮詢」服務。\n\n中華電信表示，健康雲服務除了提供輕鬆便利的三高自主管理以及醫病溝通管道外，未來將與更多醫療團隊合作，擴大智慧照護應用。在健康促進方面也將與各體能訓練健康中心，以及各項穿載式健康管理裝置設備廠商合作，經由收集分析量測數據，以提升民眾體能訓練的效率及精準性，進而帶給民眾更健康、更有活力的生活體能。\n\n而遠傳電信 (4904) 近年也以「Health 健康 +」服務積極投入智慧醫療與長照應用佈局，目前已合作串接的醫療機構全台已近 70 家，橫跨各地區醫學中心、區域醫院、社區診所與長照機構，會員人數上看 17 萬人，並且擴大智慧醫療佈局，整合系統協助醫院建置數位就診系統、智慧病房、數位護理站，打造完整醫療照護體系。\n\n此外，響應政府推動的「勞工健康保護四大計畫」，遠傳推出完整的「企業健康管理方案」，包含設置公共量測站，讓員工能自主量測與健康管理，並透過照護平台、企業健檢雲平台進行大數據統計分析，量身打造員工健康管理策略，幫助員工健康保健與追蹤，協助企業打造最佳職場照護環境。\n\xa0', '\xa0', '\xa0']",2019/03/07 15:47,中華電信「健康雲」推IoT嶄新應用串聯醫、病、雲提供遠端智慧照護
56,https://news.cnyes.com/news/id/4286910,"['蘋果 (AAPL-US) 最新供應鏈名單出爐，其中台廠部分，蘋果新增 4 家台廠供應廠商，刪除部分則包含谷崧 (3607-TW)、臻鼎 (4958-TW)) 旗下鵬鼎、兆利 (3548-TW)、久威 (6114-TW))、新至陞 (3679-TW)、白金與建準 (2421-TW)，其中兆利、谷崧去年才被新增至前 200 大，今年又被剔除，格外引起注目。', '值得注意的是，鴻海旗下鴻騰精密，今年名稱未出現在前 200 大供應鏈名單，不過依鴻騰去年登記在蘋果供應鏈名單中的地址查詢，仍存在在今年蘋果供應鏈名單中，只是名稱替換，去年鴻騰精密的名稱為 FIT Hon Teng Ltd，今年全數都用 Hon Hai Precision Industry\xa0Company Limited，推測鴻騰精密應是用不同的名稱登記，但仍在供應名單中。', '蘋果周三公布供應鏈最新名單，包含台、陸供應廠商變化都不小，台廠今年新進榜名單，包含和碩旗下復揚，金箭印刷與臻鼎，另外還有台廠 TPK-KY(3673-TW) 轉投資的子公司京嘉光電，也隱身在新進榜名單中。', '其中，臻鼎去年以子公司鵬鼎進入供應鏈名單，今年鵬鼎遭剔除，不過改由臻鼎入榜，接單回到過去的模式。', '刪除的部分則引起注目，去年才剛進榜的兆利、谷崧等，今年又被踢出前 200 大供應鏈名單中，另外白金科技、久威、新至陞、建準等，也遭到剔除。']",2019/03/07 22:35,〈蘋果新供應鏈出爐〉台廠兆利、谷崧去年入列今年又遭剔除新至陞、建準 ...
57,https://news.cnyes.com/news/id/4292188,"['受惠自駕車、車聯網趨勢，先進駕駛輔助系統，如車用影像、盲點偵測、車道偏移、停車輔助系統、車用 LED 等需求大增。工研院 IEK Consulting 預估，台灣汽車電子產值至 2020 年將超過 2,700 億元台幣，直逼整車產值。工研院鏈結資通訊廠商，合組「自駕感知次系統」旗艦隊，搶攻車輛自動安全防護系統及自駕車應用商機。', '自駕技術一旦成真，將為汽車產業帶來翻天覆地的影響，但在技術發展的過程中，仍然有許多的挑戰需要克服。簡單來說，自駕車猶如在路上跑的超級電腦，為了保護自己以及周圍的車輛、行人，達到安全性與可靠性等終極目標，必須掌握環境感知、行為決策、運動控制三大核心邏輯。\xa0', '三大核心猶如人的感官、大腦與手腳 / 神經，其中環境感知仰賴攝影機、光達、雷達、車聯網、GPS 所組成的「融合多重感應器的軟硬體系統」，讓自駕車擁有人類的視覺、聽覺、觸覺與方向感，對周遭環境物件進行正確判讀，並且預測未來行進軌跡，作為方向決策與速度控制依據。\xa0', '工研院資訊與通訊研究所所長闕志克分析，目前自駕車的行為決策與運動控制，大多掌握在汽車大廠與科技巨擘手上，因此環境感知是台灣廠商切入汽車電子產業的最佳選項。在經濟部技術處支持下，工研院的「自動駕駛感知次系統產業合作夥伴計畫」，一方面帶動台灣汽車電子廠商技術升級，另一方面則協助想跨進車電領域的台灣半導體、資通訊業者，打進國際自駕車供應鏈。\xa0', '合作夥伴計畫推行一年多來，已吸引包括亞勳科技、鼎天國際、朋程科技、光寶科技、新鈳電子、英業達、車王電子、華電聯網、明泰科技及遠傳電信等 10 家資通訊廠商加入，儼然是台灣自駕車產業的「旗艦隊」。\xa0', '闕志克進一步表示，隨著國內廠商踴躍加入，「自動駕駛感知次系統」供應鏈逐步成形，尤其攝影機、光達等感測器元件廠商，藉由取得工研院開發的演算法軟體技術轉移，可望順利跟國際自駕車大廠對接，擠進第一線供應鏈 (Tier1)，再運用台灣的資通訊實力，替目前的車輛、電動車乃至於未來的自駕車，打造更安全、更智慧的行車體驗。\xa0', '計畫合作夥伴之一，車王電子暨華德動能董事長蔡裕慶表示，台灣的交通運輸獨特又複雜，是很好的驗證場域。這套技術在台灣如果可行，在全世界的場域都可行。此外，自駕車若能搭配捷運，解決從捷運到家門最後一哩路的問題，將是全世界重大的突破。\xa0', '2018 年底，結合工研院、資策會所研發的自動駕駛感知次系統，以及車王電子、電動巴士廠華德動能、車輛整合運動控制系統新創公司 iAuto，合作打造的 17 人座自駕中型巴士，已於台中花博期間，在水湳智慧城場域試運行，並提供民眾搭乘。\xa0', '該自駕中巴，除了具備行駛時感測周遭物件相對位置、相對速度與軌跡推理的能力，還擁有定速巡航、車道維持、緊急煞車、號誌停等、停點定點停靠、迴轉道迴轉六大功能，不僅是國產自駕車關鍵技術落地的重要指標，未來還能吸引更多合作夥伴加入，將自駕車這塊餅做大。\xa0', '闕志克表示，國外發展自駕技術多以房車為主，競爭相當激烈，反而是固定路線行駛的自駕巴士，研發者較少，台灣更有值得一搏的機會；而感知次系統與模組一直都是台灣資通訊產業的強項，若能將雷達、光達、衛星定位、慣性導航衛星等技術，整合運用在自駕巴士上；將針對亞洲道路環境設計的「S3 自動駕駛感知次系統」軟硬體平台與交通號誌連線，設定應用軟體白名單 (Whitelisting)，拒絕不明程式登入，強化資安管理，對台灣廠商進軍全球高達 6.7 兆美元的自駕車市場，將會是極佳利基。', '轉載自《工業技術與資訊》月刊第 327 期 2019 年 03 月號，未經授權不得轉載。']",2019/03/24 16:00,〈工業技術資訊月刊〉自駕車感知次系統旗艦隊成軍
58,https://news.cnyes.com/news/id/4288890,"['《彭博社》週三報導，富時羅素 (FTSE Russell) 繼宣佈全球指數納入中國 A 股之後，富時羅素指數公司內部正進行討論，是否將中國公司債和利率債納入旗下全球綜合投資級債券指數中，期望進一步將中國納入其固定收益基準指數中。', '富時羅素正在調整將各國納入發達或新興市場等不同指數的方式，主要是是向政府、監管機構和市場提供更高的透明度。', '富時羅素早前宣布今年 6 月將 A 股三階段納入其全球指數中，並原訂 9 月宣布是否將人民幣計價的中國公債納入至旗下的世界政府債券指數中。', '目前富時羅素內部正進一步討論，可能在今年底前宣布是否將中國公司債與利率債納入旗下的全球綜合投資級債券指數。', '富時羅素負責治理與政策的董事總經理 Chris Woods 週三 (13 日) 受訪時表示，中國一個我們無法忽視的市場，企業信用債是下一件大事，但我們先要落實公債框架。', '富時羅素即將進行的評估將影響其旗艦指數，包含全球政府債券指數 (World Government Bond Index) 及其新興市場政府債券指數 (Emerging Markets Government Bond Index)。', '富時羅素董事總經理兼固定收益指數政策主管 Nikki Stefanelli 表示正在徵詢客戶意見：「我們正在慎重考慮納入所需的時間和步驟，預料可能的調整將影響 WorldBIG 指數。」', '目前客戶反映了一些操作問題，包括擔心中國更積極地進行資本管制、非首次發行的債券二級市場流動性，以及無法在託管銀行和分託管人之外對沖境內貨幣風險，導致更多的定價疑問等。', '除了富時羅素外，摩根大通也將中國債券列入觀察名單，計畫將其納入 JPM GBI-EM Diversified 和 EMBI Global Diversified 指數。']",2019/03/14 07:24,不只A 股！富時羅素考慮年底前是否納入中國信用債
59,https://news.cnyes.com/news/id/4295161,[],2019/03/29 08:08,[表一6]上市上櫃股東會一覽表
60,https://news.cnyes.com/news/id/4288073,['二極體供應商敦南 (5305) 去年表現不錯，法人圈傳出，敦南股息可望有 2 元起跳，而展望今年，受惠於車用電子需求持續加溫，加上旗下 6 吋廠已經投入 MOSFET 代工，並有大單在手，為此後續營收與獲利成長力道可期。敦南去年營收 121.04 億元，年增 5.22%，展望今年，在車用二極體出貨上，可望持續增加，有助於利潤的提升，帶動公司獲利與業績成長，另外，電源管理晶片市場相對穩健，成為支撐公司業績的基本盤。\n\n再者，敦南旗下 6 吋代工廠端經過兩季整頓，已在去年第四季開始啟動 MOSFET 代工業務，這部分已有大客戶穩定訂單的加持，今年該廠區不單可以不虧損，反而可望順利繳出不錯的獲利成績單，基於上述理由，敦南今年營收與獲利成長動能可期。'],2019/03/12 19:04,車用電子需求續增溫＋六吋廠大單加持敦南今年成長力道可期
61,https://news.cnyes.com/news/id/4284916,"['被動元件去年報價登峰，不過就有業者坦言，去年可以說是「機會財」，今年市況價格將修正，因應被動元件市況，各家廠商也展開多角化布局，朝車用、無線、保護元件等領域發展。', '被動元件景氣修正，中小型廠坦言，今年報價獲利要跟去年一樣，「不大可能」，大廠更及早展開布局，透過入股、併購多角化布局，降低 MLCC、電阻產品比重。', '龍頭廠國巨強調，高雄擴廠不因市況波動停下，但未來將主要專攻車用以及高容產品，與蘇州廠的一般品做出區隔，並透過收購普思電子，布局車用、無線元件，華新科也同樣衝刺車用產能，也透過入股佳邦，拓相關市場。', '法人指出，車用元件目前 ASP 是一般品\xa02-3 倍，毛利率多出 10-20 個百分點，在一般品價格未見止跌時，多少能支撐利表現。', '而中小型業者則積極拓展產品線，像是達方，除了原先的電腦鍵盤業務外，也加大綠能布局，進軍電動自行車市場，大毅也鎖定利基型高容、保護元件產品，目標今年要降低被動元件的營收占比，減輕被動元件價格下跌造成的影響。']",2019/03/03 15:00,〈觀察〉被動業者不再搶賺「機會財」 併購入股拓新業務
62,https://news.cnyes.com/news/id/4291896,[],2019/03/22 08:32,[表三5]台灣集中市場均線黃金交叉
63,https://news.cnyes.com/news/id/4290235,"['「和雲行動服務股份有限公司」為和泰汽車旗下和運租車轉投資於 2019 年正式成立，秉持『顧客為先、專業為本』企業理念，不斷改革創新以提昇消費者用車體驗。隨著各城市、政府「智慧交通」、「以租代買」的概念興起，「iRent 24 小時自助租車」以客戶 (我 - i) 為中心思維，運用 iT 科技 (i)，結合行動雲、服務雲、數據雲的品牌意涵，以行動裝置提供客戶最方便的租車樂趣，希望讓簡單、聰明的租車方式能更貼近民眾日常生活。', '\xa0\xa0 「iRent 24 小時自助租車」提供 24 小時租車服務，只要下載 iRent 專屬 APP，加入會員審核通過，當會員想要用車時只要透過 APP 搜尋附近車輛並進行預約，即可前往取車使用車輛。iRent 除原提供的汽車租借服務外，為提供給民眾多種選擇符合不同使用需求，推出更輕巧、機動性的機車版 iRent。透過共享機車的租借服務，會員可以深入到城市的每一個角落，達到 iRent 二輪 + 四輪的智慧通勤，做到「Door to Door」的無縫行動服務接軌。', '為落實共享經濟與綠能減碳，除機車版 iRent 全數採用電動機車外，現有的汽車版 iRent 同步導入新成員油電複合動力 PRIUS c，大幅提升共享汽機車的綠能占比，協助實現綠能運輸。', '民眾可在任何時間、任何地點，想要用車代步時，透過手機 APP 就能找到離自己最近的車輛。當用完車輛後，透過 APP 確定使用的時間、付費，然後把車停在路邊公有停車格，即可完成租借服務。此種共享租借的新概念，收費簡單，用多少算多少。且透過使用共享車輛，民眾能重新思考在大城市移動的方式，也是一種新的個人移動方式。', '為了讓民眾能進一步體驗感受「機車版 iRent」路邊租還的服務魅力， 6 月底前使用 iRent APP 隨租隨還服務，即可享有優惠價格，租機車只要 10 元起，租汽車亦享平日前 3 小時每小時租金 99 元優惠，只要您有需求，就可以輕鬆成行！ 活動詳情請參考官網 https://www.easyrent.com.tw/。和雲行動希望能讓客戶的每一次租車都留下最好的印象與體驗，並將持續開發符合顧客期待的各項創新商品與專業服務，讓顧客的行動生活更便利，打造行動服務新體驗！']",2019/03/18 18:31,和雲iRent綠能共享『四輪+二輪』移動新選擇
